ticker|companyName|securityTitle|transactionDate|boughtSold|exercisePrice|exerciseShares|expirationDate|transactionValue|rptOwnerName|owner|linkToTxt|linkToFilingDetails
TNDM|TANDEM DIABETES CARE INC|Stock Option|2020-08-06|D|0.0|24940.0||0.0|BLICKENSTAFF KIM D|Director|https://www.sec.gov/Archives/edgar/data/1438133/000143813320000129/0001438133-20-000129.txt|https://www.sec.gov/Archives/edgar/data/1238913/000143813320000129/xslF345X03/wf-form4_159710392222032.xml
TNDM|TANDEM DIABETES CARE INC|Stock Option|2020-08-06|D|0.0|39548.0||0.0|BLICKENSTAFF KIM D|Director|https://www.sec.gov/Archives/edgar/data/1438133/000143813320000129/0001438133-20-000129.txt|https://www.sec.gov/Archives/edgar/data/1238913/000143813320000129/xslF345X03/wf-form4_159710392222032.xml
TNDM|TANDEM DIABETES CARE INC|Series A Warrants|2020-08-07|D|0.0|257000.0|2022-10-17|0.0|BLICKENSTAFF KIM D|Director|https://www.sec.gov/Archives/edgar/data/1438133/000143813320000129/0001438133-20-000129.txt|https://www.sec.gov/Archives/edgar/data/1238913/000143813320000129/xslF345X03/wf-form4_159710392222032.xml
TNDM|TANDEM DIABETES CARE INC|Stock Option|2020-08-07|D|0.0|11875.0||0.0|BLICKENSTAFF KIM D|Director|https://www.sec.gov/Archives/edgar/data/1438133/000143813320000129/0001438133-20-000129.txt|https://www.sec.gov/Archives/edgar/data/1238913/000143813320000129/xslF345X03/wf-form4_159710392222032.xml
TNDM|TANDEM DIABETES CARE INC|Stock Option|2020-08-07|D|0.0|200000.0||0.0|BLICKENSTAFF KIM D|Director|https://www.sec.gov/Archives/edgar/data/1438133/000143813320000129/0001438133-20-000129.txt|https://www.sec.gov/Archives/edgar/data/1238913/000143813320000129/xslF345X03/wf-form4_159710392222032.xml
TNDM|TANDEM DIABETES CARE INC|Stock Option|2020-08-06|D|0.0|39222.0||0.0|BLICKENSTAFF KIM D|Director|https://www.sec.gov/Archives/edgar/data/1438133/000143813320000129/0001438133-20-000129.txt|https://www.sec.gov/Archives/edgar/data/1238913/000143813320000129/xslF345X03/wf-form4_159710392222032.xml
TNDM|TANDEM DIABETES CARE INC|Common Stock|2020-08-06|A|9.0|14445.0||130005.0|BLICKENSTAFF KIM D|Director|https://www.sec.gov/Archives/edgar/data/1438133/000143813320000129/0001438133-20-000129.txt|https://www.sec.gov/Archives/edgar/data/1238913/000143813320000129/xslF345X03/wf-form4_159710392222032.xml
TNDM|TANDEM DIABETES CARE INC|Common Stock|2020-08-06|A|11.059|23260.0||257232.34|BLICKENSTAFF KIM D|Director|https://www.sec.gov/Archives/edgar/data/1438133/000143813320000129/0001438133-20-000129.txt|https://www.sec.gov/Archives/edgar/data/1238913/000143813320000129/xslF345X03/wf-form4_159710392222032.xml
TNDM|TANDEM DIABETES CARE INC|Common Stock|2020-08-06|D|105.6466|121698.0||12856979.926800001|BLICKENSTAFF KIM D|Director|https://www.sec.gov/Archives/edgar/data/1438133/000143813320000129/0001438133-20-000129.txt|https://www.sec.gov/Archives/edgar/data/1238913/000143813320000129/xslF345X03/wf-form4_159710392222032.xml
TNDM|TANDEM DIABETES CARE INC|Common Stock|2020-08-06|D|107.0742|600.0||64244.520000000004|BLICKENSTAFF KIM D|Director|https://www.sec.gov/Archives/edgar/data/1438133/000143813320000129/0001438133-20-000129.txt|https://www.sec.gov/Archives/edgar/data/1238913/000143813320000129/xslF345X03/wf-form4_159710392222032.xml
TNDM|TANDEM DIABETES CARE INC|Common Stock|2020-08-06|A|9.0|10495.0||94455.0|BLICKENSTAFF KIM D|Director|https://www.sec.gov/Archives/edgar/data/1438133/000143813320000129/0001438133-20-000129.txt|https://www.sec.gov/Archives/edgar/data/1238913/000143813320000129/xslF345X03/wf-form4_159710392222032.xml
TNDM|TANDEM DIABETES CARE INC|Common Stock|2020-08-06|A|11.059|16288.0||180128.992|BLICKENSTAFF KIM D|Director|https://www.sec.gov/Archives/edgar/data/1438133/000143813320000129/0001438133-20-000129.txt|https://www.sec.gov/Archives/edgar/data/1238913/000143813320000129/xslF345X03/wf-form4_159710392222032.xml
TNDM|TANDEM DIABETES CARE INC|Common Stock|2020-08-07|A|3.5|257000.0||899500.0|BLICKENSTAFF KIM D|Director|https://www.sec.gov/Archives/edgar/data/1438133/000143813320000129/0001438133-20-000129.txt|https://www.sec.gov/Archives/edgar/data/1238913/000143813320000129/xslF345X03/wf-form4_159710392222032.xml
TNDM|TANDEM DIABETES CARE INC|Common Stock|2020-08-07|A|11.059|6982.0||77213.938|BLICKENSTAFF KIM D|Director|https://www.sec.gov/Archives/edgar/data/1438133/000143813320000129/0001438133-20-000129.txt|https://www.sec.gov/Archives/edgar/data/1238913/000143813320000129/xslF345X03/wf-form4_159710392222032.xml
TNDM|TANDEM DIABETES CARE INC|Common Stock|2020-08-07|A|18.86|124335.0||2344958.1|BLICKENSTAFF KIM D|Director|https://www.sec.gov/Archives/edgar/data/1438133/000143813320000129/0001438133-20-000129.txt|https://www.sec.gov/Archives/edgar/data/1238913/000143813320000129/xslF345X03/wf-form4_159710392222032.xml
TNDM|TANDEM DIABETES CARE INC|Common Stock|2020-08-07|A|51.5|29927.0||1541240.5|BLICKENSTAFF KIM D|Director|https://www.sec.gov/Archives/edgar/data/1438133/000143813320000129/0001438133-20-000129.txt|https://www.sec.gov/Archives/edgar/data/1238913/000143813320000129/xslF345X03/wf-form4_159710392222032.xml
TNDM|TANDEM DIABETES CARE INC|Common Stock|2020-08-07|D|105.8556|117897.0||12480057.6732|BLICKENSTAFF KIM D|Director|https://www.sec.gov/Archives/edgar/data/1438133/000143813320000129/0001438133-20-000129.txt|https://www.sec.gov/Archives/edgar/data/1238913/000143813320000129/xslF345X03/wf-form4_159710392222032.xml
TNDM|TANDEM DIABETES CARE INC|Common Stock|2020-08-07|D|106.9448|25108.0||2685170.0384|BLICKENSTAFF KIM D|Director|https://www.sec.gov/Archives/edgar/data/1438133/000143813320000129/0001438133-20-000129.txt|https://www.sec.gov/Archives/edgar/data/1238913/000143813320000129/xslF345X03/wf-form4_159710392222032.xml
TNDM|TANDEM DIABETES CARE INC|Common Stock|2020-08-07|D|107.6459|17439.0||1877236.8501|BLICKENSTAFF KIM D|Director|https://www.sec.gov/Archives/edgar/data/1438133/000143813320000129/0001438133-20-000129.txt|https://www.sec.gov/Archives/edgar/data/1238913/000143813320000129/xslF345X03/wf-form4_159710392222032.xml
TNDM|TANDEM DIABETES CARE INC|Common Stock|2020-08-07|D|108.5778|800.0||86862.23999999999|BLICKENSTAFF KIM D|Director|https://www.sec.gov/Archives/edgar/data/1438133/000143813320000129/0001438133-20-000129.txt|https://www.sec.gov/Archives/edgar/data/1238913/000143813320000129/xslF345X03/wf-form4_159710392222032.xml
TNDM|TANDEM DIABETES CARE INC|Common Stock|2020-08-07|A|11.059|4893.0||54111.687|BLICKENSTAFF KIM D|Director|https://www.sec.gov/Archives/edgar/data/1438133/000143813320000129/0001438133-20-000129.txt|https://www.sec.gov/Archives/edgar/data/1238913/000143813320000129/xslF345X03/wf-form4_159710392222032.xml
TNDM|TANDEM DIABETES CARE INC|Common Stock|2020-08-07|A|18.86|75665.0||1427041.9|BLICKENSTAFF KIM D|Director|https://www.sec.gov/Archives/edgar/data/1438133/000143813320000129/0001438133-20-000129.txt|https://www.sec.gov/Archives/edgar/data/1238913/000143813320000129/xslF345X03/wf-form4_159710392222032.xml
TNDM|TANDEM DIABETES CARE INC|Common Stock|2020-08-07|A|51.5|9295.0||478692.5|BLICKENSTAFF KIM D|Director|https://www.sec.gov/Archives/edgar/data/1438133/000143813320000129/0001438133-20-000129.txt|https://www.sec.gov/Archives/edgar/data/1238913/000143813320000129/xslF345X03/wf-form4_159710392222032.xml
TNDM|TANDEM DIABETES CARE INC|Common Stock|2020-08-06|D|107.27|2500.0||268175.0|Allen Dick|Director|https://www.sec.gov/Archives/edgar/data/1438133/000143813320000128/0001438133-20-000128.txt|https://www.sec.gov/Archives/edgar/data/1438133/000143813320000128/xslF345X03/wf-form4_159710383099981.xml
TNDM|TANDEM DIABETES CARE INC|Common Stock|2020-08-06|D|107.27|250.0||26817.5|Allen Dick|Director|https://www.sec.gov/Archives/edgar/data/1438133/000143813320000128/0001438133-20-000128.txt|https://www.sec.gov/Archives/edgar/data/1438133/000143813320000128/xslF345X03/wf-form4_159710383099981.xml
TNDM|TANDEM DIABETES CARE INC|Common Stock|2020-08-06|D|107.27|250.0||26817.5|Allen Dick|Director|https://www.sec.gov/Archives/edgar/data/1438133/000143813320000128/0001438133-20-000128.txt|https://www.sec.gov/Archives/edgar/data/1438133/000143813320000128/xslF345X03/wf-form4_159710383099981.xml
TNDM|TANDEM DIABETES CARE INC|Common Stock|2020-08-06|D|107.27|2500.0||268175.0|Allen Dick|Director|https://www.sec.gov/Archives/edgar/data/1438133/000143813320000128/0001438133-20-000128.txt|https://www.sec.gov/Archives/edgar/data/1438133/000143813320000128/xslF345X03/wf-form4_159710383099981.xml
TNDM|TANDEM DIABETES CARE INC|Common Stock|2020-08-06|D|107.27|250.0||26817.5|Allen Dick|Director|https://www.sec.gov/Archives/edgar/data/1438133/000143813320000128/0001438133-20-000128.txt|https://www.sec.gov/Archives/edgar/data/1438133/000143813320000128/xslF345X03/wf-form4_159710383099981.xml
TNDM|TANDEM DIABETES CARE INC|Common Stock|2020-08-06|D|107.27|250.0||26817.5|Allen Dick|Director|https://www.sec.gov/Archives/edgar/data/1438133/000143813320000128/0001438133-20-000128.txt|https://www.sec.gov/Archives/edgar/data/1438133/000143813320000128/xslF345X03/wf-form4_159710383099981.xml
TNDM|TANDEM DIABETES CARE INC|Common Stock|2020-08-06|D|107.27|1179.0||126471.33|Allen Dick|Director|https://www.sec.gov/Archives/edgar/data/1438133/000143813320000128/0001438133-20-000128.txt|https://www.sec.gov/Archives/edgar/data/1438133/000143813320000128/xslF345X03/wf-form4_159710383099981.xml
NTRA|Natera, Inc.|Stock Option (right to buy)|2020-08-06|D|0.0|2188.0|2026-04-07|0.0|Chapman Steven Leonard|Director|https://www.sec.gov/Archives/edgar/data/1604821/000117911020008845/0001179110-20-008845.txt|https://www.sec.gov/Archives/edgar/data/1604821/000117911020008845/xslF345X03/edgar.xml
NTRA|Natera, Inc.|Stock Option (right to buy)|2020-08-06|D|0.0|4469.0|2027-06-08|0.0|Chapman Steven Leonard|Director|https://www.sec.gov/Archives/edgar/data/1604821/000117911020008845/0001179110-20-008845.txt|https://www.sec.gov/Archives/edgar/data/1604821/000117911020008845/xslF345X03/edgar.xml
NTRA|Natera, Inc.|Stock Option (right to buy)|2020-08-06|D|0.0|2083.0|2027-07-13|0.0|Chapman Steven Leonard|Director|https://www.sec.gov/Archives/edgar/data/1604821/000117911020008845/0001179110-20-008845.txt|https://www.sec.gov/Archives/edgar/data/1604821/000117911020008845/xslF345X03/edgar.xml
NTRA|Natera, Inc.|Stock Option (right to buy)|2020-08-06|D|0.0|6105.0|2028-03-08|0.0|Chapman Steven Leonard|Director|https://www.sec.gov/Archives/edgar/data/1604821/000117911020008845/0001179110-20-008845.txt|https://www.sec.gov/Archives/edgar/data/1604821/000117911020008845/xslF345X03/edgar.xml
NTRA|Natera, Inc.|Stock Option (right to buy)|2020-08-06|D|0.0|3125.0|2029-01-10|0.0|Chapman Steven Leonard|Director|https://www.sec.gov/Archives/edgar/data/1604821/000117911020008845/0001179110-20-008845.txt|https://www.sec.gov/Archives/edgar/data/1604821/000117911020008845/xslF345X03/edgar.xml
NTRA|Natera, Inc.|Stock Option (right to buy)|2020-08-06|D|0.0|13542.0|2029-04-11|0.0|Chapman Steven Leonard|Director|https://www.sec.gov/Archives/edgar/data/1604821/000117911020008845/0001179110-20-008845.txt|https://www.sec.gov/Archives/edgar/data/1604821/000117911020008845/xslF345X03/edgar.xml
NTRA|Natera, Inc.|Stock Option (right to buy)|2020-08-06|D|0.0|20312.0|2020-01-10|0.0|Chapman Steven Leonard|Director|https://www.sec.gov/Archives/edgar/data/1604821/000117911020008845/0001179110-20-008845.txt|https://www.sec.gov/Archives/edgar/data/1604821/000117911020008845/xslF345X03/edgar.xml
NTRA|Natera, Inc.|Common Stock|2020-08-06|A|9.59|2188.0||20982.92|Chapman Steven Leonard|Director|https://www.sec.gov/Archives/edgar/data/1604821/000117911020008845/0001179110-20-008845.txt|https://www.sec.gov/Archives/edgar/data/1604821/000117911020008845/xslF345X03/edgar.xml
NTRA|Natera, Inc.|Common Stock|2020-08-06|A|10.41|4469.0||46522.29|Chapman Steven Leonard|Director|https://www.sec.gov/Archives/edgar/data/1604821/000117911020008845/0001179110-20-008845.txt|https://www.sec.gov/Archives/edgar/data/1604821/000117911020008845/xslF345X03/edgar.xml
NTRA|Natera, Inc.|Common Stock|2020-08-06|A|10.73|2083.0||22350.59|Chapman Steven Leonard|Director|https://www.sec.gov/Archives/edgar/data/1604821/000117911020008845/0001179110-20-008845.txt|https://www.sec.gov/Archives/edgar/data/1604821/000117911020008845/xslF345X03/edgar.xml
NTRA|Natera, Inc.|Common Stock|2020-08-06|A|9.29|6105.0||56715.45|Chapman Steven Leonard|Director|https://www.sec.gov/Archives/edgar/data/1604821/000117911020008845/0001179110-20-008845.txt|https://www.sec.gov/Archives/edgar/data/1604821/000117911020008845/xslF345X03/edgar.xml
NTRA|Natera, Inc.|Common Stock|2020-08-06|A|13.01|3125.0||40656.25|Chapman Steven Leonard|Director|https://www.sec.gov/Archives/edgar/data/1604821/000117911020008845/0001179110-20-008845.txt|https://www.sec.gov/Archives/edgar/data/1604821/000117911020008845/xslF345X03/edgar.xml
NTRA|Natera, Inc.|Common Stock|2020-08-06|A|20.27|13542.0||274496.33999999997|Chapman Steven Leonard|Director|https://www.sec.gov/Archives/edgar/data/1604821/000117911020008845/0001179110-20-008845.txt|https://www.sec.gov/Archives/edgar/data/1604821/000117911020008845/xslF345X03/edgar.xml
NTRA|Natera, Inc.|Common Stock|2020-08-06|D|55.0|36329.0||1998095.0|Chapman Steven Leonard|Director|https://www.sec.gov/Archives/edgar/data/1604821/000117911020008845/0001179110-20-008845.txt|https://www.sec.gov/Archives/edgar/data/1604821/000117911020008845/xslF345X03/edgar.xml
NTRA|Natera, Inc.|Common Stock|2020-08-06|A|13.01|20312.0||264259.12|Chapman Steven Leonard|Director|https://www.sec.gov/Archives/edgar/data/1604821/000117911020008845/0001179110-20-008845.txt|https://www.sec.gov/Archives/edgar/data/1604821/000117911020008845/xslF345X03/edgar.xml
NTRA|Natera, Inc.|Common Stock|2020-08-06|D|55.0|25236.0||1387980.0|Chapman Steven Leonard|Director|https://www.sec.gov/Archives/edgar/data/1604821/000117911020008845/0001179110-20-008845.txt|https://www.sec.gov/Archives/edgar/data/1604821/000117911020008845/xslF345X03/edgar.xml
NFLX|NETFLIX INC|Non-Qualified Stock Option (right to buy)|2020-08-07|D|0.0|6398.0|2024-12-01|0.0|HYMAN DAVID A|Officer|https://www.sec.gov/Archives/edgar/data/1065280/000106528020000359/0001065280-20-000359.txt|https://www.sec.gov/Archives/edgar/data/1065280/000106528020000359/xslF345X03/edgardoc.xml
NFLX|NETFLIX INC|Non-Qualified Stock Option (right to buy)|2020-08-07|D|0.0|5635.0|2024-11-03|0.0|HYMAN DAVID A|Officer|https://www.sec.gov/Archives/edgar/data/1065280/000106528020000359/0001065280-20-000359.txt|https://www.sec.gov/Archives/edgar/data/1065280/000106528020000359/xslF345X03/edgardoc.xml
NFLX|NETFLIX INC|Non-Qualified Stock Option (right to buy)|2020-08-07|D|0.0|5145.0|2024-08-01|0.0|HYMAN DAVID A|Officer|https://www.sec.gov/Archives/edgar/data/1065280/000106528020000359/0001065280-20-000359.txt|https://www.sec.gov/Archives/edgar/data/1065280/000106528020000359/xslF345X03/edgardoc.xml
NFLX|NETFLIX INC|Non-Qualified Stock Option (right to buy)|2020-08-07|D|0.0|4984.0|2024-10-01|0.0|HYMAN DAVID A|Officer|https://www.sec.gov/Archives/edgar/data/1065280/000106528020000359/0001065280-20-000359.txt|https://www.sec.gov/Archives/edgar/data/1065280/000106528020000359/xslF345X03/edgardoc.xml
NFLX|NETFLIX INC|Non-Qualified Stock Option (right to buy)|2020-08-07|D|0.0|4592.0|2024-09-02|0.0|HYMAN DAVID A|Officer|https://www.sec.gov/Archives/edgar/data/1065280/000106528020000359/0001065280-20-000359.txt|https://www.sec.gov/Archives/edgar/data/1065280/000106528020000359/xslF345X03/edgardoc.xml
NFLX|NETFLIX INC|Common Stock|2020-08-07|A|48.83|6398.0||312414.33999999997|HYMAN DAVID A|Officer|https://www.sec.gov/Archives/edgar/data/1065280/000106528020000359/0001065280-20-000359.txt|https://www.sec.gov/Archives/edgar/data/1065280/000106528020000359/xslF345X03/edgardoc.xml
NFLX|NETFLIX INC|Common Stock|2020-08-07|D|505.77|6398.0||3235916.46|HYMAN DAVID A|Officer|https://www.sec.gov/Archives/edgar/data/1065280/000106528020000359/0001065280-20-000359.txt|https://www.sec.gov/Archives/edgar/data/1065280/000106528020000359/xslF345X03/edgardoc.xml
NFLX|NETFLIX INC|Common Stock|2020-08-07|A|55.4871|5635.0||312669.8085|HYMAN DAVID A|Officer|https://www.sec.gov/Archives/edgar/data/1065280/000106528020000359/0001065280-20-000359.txt|https://www.sec.gov/Archives/edgar/data/1065280/000106528020000359/xslF345X03/edgardoc.xml
NFLX|NETFLIX INC|Common Stock|2020-08-07|D|505.77|5635.0||2850013.9499999997|HYMAN DAVID A|Officer|https://www.sec.gov/Archives/edgar/data/1065280/000106528020000359/0001065280-20-000359.txt|https://www.sec.gov/Archives/edgar/data/1065280/000106528020000359/xslF345X03/edgardoc.xml
NFLX|NETFLIX INC|Common Stock|2020-08-07|A|62.6857|4984.0||312425.5288|HYMAN DAVID A|Officer|https://www.sec.gov/Archives/edgar/data/1065280/000106528020000359/0001065280-20-000359.txt|https://www.sec.gov/Archives/edgar/data/1065280/000106528020000359/xslF345X03/edgardoc.xml
NFLX|NETFLIX INC|Common Stock|2020-08-07|D|505.77|4984.0||2520757.6799999997|HYMAN DAVID A|Officer|https://www.sec.gov/Archives/edgar/data/1065280/000106528020000359/0001065280-20-000359.txt|https://www.sec.gov/Archives/edgar/data/1065280/000106528020000359/xslF345X03/edgardoc.xml
NFLX|NETFLIX INC|Common Stock|2020-08-07|A|68.0857|4592.0||312649.5344|HYMAN DAVID A|Officer|https://www.sec.gov/Archives/edgar/data/1065280/000106528020000359/0001065280-20-000359.txt|https://www.sec.gov/Archives/edgar/data/1065280/000106528020000359/xslF345X03/edgardoc.xml
NFLX|NETFLIX INC|Common Stock|2020-08-07|D|505.77|4592.0||2322495.84|HYMAN DAVID A|Officer|https://www.sec.gov/Archives/edgar/data/1065280/000106528020000359/0001065280-20-000359.txt|https://www.sec.gov/Archives/edgar/data/1065280/000106528020000359/xslF345X03/edgardoc.xml
NFLX|NETFLIX INC|Common Stock|2020-08-07|A|60.7714|5145.0||312668.853|HYMAN DAVID A|Officer|https://www.sec.gov/Archives/edgar/data/1065280/000106528020000359/0001065280-20-000359.txt|https://www.sec.gov/Archives/edgar/data/1065280/000106528020000359/xslF345X03/edgardoc.xml
NFLX|NETFLIX INC|Common Stock|2020-08-07|D|505.77|5145.0||2602186.65|HYMAN DAVID A|Officer|https://www.sec.gov/Archives/edgar/data/1065280/000106528020000359/0001065280-20-000359.txt|https://www.sec.gov/Archives/edgar/data/1065280/000106528020000359/xslF345X03/edgardoc.xml
NFLX|NETFLIX INC|Non-Qualified Stock Option (right to buy)|2020-08-07|D|0.0|301.0|2028-04-02|0.0|SARANDOS THEODORE A|Director|https://www.sec.gov/Archives/edgar/data/1065280/000106528020000358/0001065280-20-000358.txt|https://www.sec.gov/Archives/edgar/data/1065280/000106528020000358/xslF345X03/edgardoc.xml
NFLX|NETFLIX INC|Non-Qualified Stock Option (right to buy)|2020-08-06|D|0.0|524.0|2028-03-01|0.0|SARANDOS THEODORE A|Director|https://www.sec.gov/Archives/edgar/data/1065280/000106528020000358/0001065280-20-000358.txt|https://www.sec.gov/Archives/edgar/data/1065280/000106528020000358/xslF345X03/edgardoc.xml
NFLX|NETFLIX INC|Non-Qualified Stock Option (right to buy)|2020-08-07|D|0.0|9699.0|2028-03-01|0.0|SARANDOS THEODORE A|Director|https://www.sec.gov/Archives/edgar/data/1065280/000106528020000358/0001065280-20-000358.txt|https://www.sec.gov/Archives/edgar/data/1065280/000106528020000358/xslF345X03/edgardoc.xml
NFLX|NETFLIX INC|Non-Qualified Stock Option (right to buy)|2020-08-06|D|0.0|9476.0|2028-05-01|0.0|SARANDOS THEODORE A|Director|https://www.sec.gov/Archives/edgar/data/1065280/000106528020000358/0001065280-20-000358.txt|https://www.sec.gov/Archives/edgar/data/1065280/000106528020000358/xslF345X03/edgardoc.xml
NFLX|NETFLIX INC|Common Stock|2020-08-06|A|290.39|524.0||152164.36|SARANDOS THEODORE A|Director|https://www.sec.gov/Archives/edgar/data/1065280/000106528020000358/0001065280-20-000358.txt|https://www.sec.gov/Archives/edgar/data/1065280/000106528020000358/xslF345X03/edgardoc.xml
NFLX|NETFLIX INC|Common Stock|2020-08-06|D|504.11|524.0||264153.64|SARANDOS THEODORE A|Director|https://www.sec.gov/Archives/edgar/data/1065280/000106528020000358/0001065280-20-000358.txt|https://www.sec.gov/Archives/edgar/data/1065280/000106528020000358/xslF345X03/edgardoc.xml
NFLX|NETFLIX INC|Common Stock|2020-08-06|A|313.3|9476.0||2968830.8000000003|SARANDOS THEODORE A|Director|https://www.sec.gov/Archives/edgar/data/1065280/000106528020000358/0001065280-20-000358.txt|https://www.sec.gov/Archives/edgar/data/1065280/000106528020000358/xslF345X03/edgardoc.xml
NFLX|NETFLIX INC|Common Stock|2020-08-06|D|504.11|9476.0||4776946.36|SARANDOS THEODORE A|Director|https://www.sec.gov/Archives/edgar/data/1065280/000106528020000358/0001065280-20-000358.txt|https://www.sec.gov/Archives/edgar/data/1065280/000106528020000358/xslF345X03/edgardoc.xml
NFLX|NETFLIX INC|Common Stock|2020-08-07|A|280.29|301.0||84367.29000000001|SARANDOS THEODORE A|Director|https://www.sec.gov/Archives/edgar/data/1065280/000106528020000358/0001065280-20-000358.txt|https://www.sec.gov/Archives/edgar/data/1065280/000106528020000358/xslF345X03/edgardoc.xml
NFLX|NETFLIX INC|Common Stock|2020-08-07|D|505.77|301.0||152236.77|SARANDOS THEODORE A|Director|https://www.sec.gov/Archives/edgar/data/1065280/000106528020000358/0001065280-20-000358.txt|https://www.sec.gov/Archives/edgar/data/1065280/000106528020000358/xslF345X03/edgardoc.xml
NFLX|NETFLIX INC|Common Stock|2020-08-07|A|290.39|9699.0||2816492.61|SARANDOS THEODORE A|Director|https://www.sec.gov/Archives/edgar/data/1065280/000106528020000358/0001065280-20-000358.txt|https://www.sec.gov/Archives/edgar/data/1065280/000106528020000358/xslF345X03/edgardoc.xml
NFLX|NETFLIX INC|Common Stock|2020-08-07|D|505.77|9699.0||4905463.2299999995|SARANDOS THEODORE A|Director|https://www.sec.gov/Archives/edgar/data/1065280/000106528020000358/0001065280-20-000358.txt|https://www.sec.gov/Archives/edgar/data/1065280/000106528020000358/xslF345X03/edgardoc.xml
NFLX|NETFLIX INC|Common Stock|2020-08-06|D|0.0|16000.0||0.0|HASTINGS REED|Director|https://www.sec.gov/Archives/edgar/data/1065280/000106528020000357/0001065280-20-000357.txt|https://www.sec.gov/Archives/edgar/data/1033331/000106528020000357/xslF345X03/edgardoc.xml
BYD|BOYD GAMING CORP|Employee Stock Option (Right to Buy)|2020-08-06|D|0.0|131265.0|2020-11-01|0.0|SMITH KEITH|Director|https://www.sec.gov/Archives/edgar/data/906553/000120919120046025/0001209191-20-046025.txt|https://www.sec.gov/Archives/edgar/data/906553/000120919120046025/xslF345X03/doc4.xml
BYD|BOYD GAMING CORP|Common Stock|2020-05-28|D||75000.0|||SMITH KEITH|Director|https://www.sec.gov/Archives/edgar/data/906553/000120919120046025/0001209191-20-046025.txt|https://www.sec.gov/Archives/edgar/data/906553/000120919120046025/xslF345X03/doc4.xml
BYD|BOYD GAMING CORP|Common Stock|2020-05-28|D||75000.0|||SMITH KEITH|Director|https://www.sec.gov/Archives/edgar/data/906553/000120919120046025/0001209191-20-046025.txt|https://www.sec.gov/Archives/edgar/data/906553/000120919120046025/xslF345X03/doc4.xml
BYD|BOYD GAMING CORP|Common Stock|2020-08-06|A|8.34|50000.0||417000.0|SMITH KEITH|Director|https://www.sec.gov/Archives/edgar/data/906553/000120919120046025/0001209191-20-046025.txt|https://www.sec.gov/Archives/edgar/data/906553/000120919120046025/xslF345X03/doc4.xml
BYD|BOYD GAMING CORP|Common Stock|2020-08-06|D|25.74|50000.0||1287000.0|SMITH KEITH|Director|https://www.sec.gov/Archives/edgar/data/906553/000120919120046025/0001209191-20-046025.txt|https://www.sec.gov/Archives/edgar/data/906553/000120919120046025/xslF345X03/doc4.xml
BYD|BOYD GAMING CORP|Common Stock|2020-08-06|A|8.34|50000.0||417000.0|SMITH KEITH|Director|https://www.sec.gov/Archives/edgar/data/906553/000120919120046025/0001209191-20-046025.txt|https://www.sec.gov/Archives/edgar/data/906553/000120919120046025/xslF345X03/doc4.xml
BYD|BOYD GAMING CORP|Common Stock|2020-08-06|D|25.69|50000.0||1284500.0|SMITH KEITH|Director|https://www.sec.gov/Archives/edgar/data/906553/000120919120046025/0001209191-20-046025.txt|https://www.sec.gov/Archives/edgar/data/906553/000120919120046025/xslF345X03/doc4.xml
BYD|BOYD GAMING CORP|Common Stock|2020-08-06|A|8.34|31265.0||260750.1|SMITH KEITH|Director|https://www.sec.gov/Archives/edgar/data/906553/000120919120046025/0001209191-20-046025.txt|https://www.sec.gov/Archives/edgar/data/906553/000120919120046025/xslF345X03/doc4.xml
BYD|BOYD GAMING CORP|Common Stock|2020-08-06|D|25.74|31265.0||804761.1|SMITH KEITH|Director|https://www.sec.gov/Archives/edgar/data/906553/000120919120046025/0001209191-20-046025.txt|https://www.sec.gov/Archives/edgar/data/906553/000120919120046025/xslF345X03/doc4.xml
EA|ELECTRONIC ARTS INC.|Restricted Stock Units|2020-08-06|D||2730.0|2020-08-08||Hoag Jay C|Director|https://www.sec.gov/Archives/edgar/data/712515/000108290620000021/0001082906-20-000021.txt|https://www.sec.gov/Archives/edgar/data/712515/000108290620000021/xslF345X03/edgar.xml
EA|ELECTRONIC ARTS INC.|Restricted Stock Units|2020-08-06|A|0.0|1769.0|2021-08-06|0.0|Hoag Jay C|Director|https://www.sec.gov/Archives/edgar/data/712515/000108290620000021/0001082906-20-000021.txt|https://www.sec.gov/Archives/edgar/data/712515/000108290620000021/xslF345X03/edgar.xml
EA|ELECTRONIC ARTS INC.|Common Stock|2020-08-06|A||2730.0|||Hoag Jay C|Director|https://www.sec.gov/Archives/edgar/data/712515/000108290620000021/0001082906-20-000021.txt|https://www.sec.gov/Archives/edgar/data/712515/000108290620000021/xslF345X03/edgar.xml
JCOM|J2 GLOBAL, INC.|Restricted Stock Units|2020-08-06|A|0.0|3339.0||0.0|TAYLOR SCOTT C|Director|https://www.sec.gov/Archives/edgar/data/1084048/000121465920006935/0001214659-20-006935.txt|https://www.sec.gov/Archives/edgar/data/1084048/000121465920006935/xslF345X03/marketforms-49431.xml
NEBLQ|Noble Corp plc|Shares|2020-08-07|D|0.035|483060.0||16907.100000000002|ROBERTSON JULIE J|Director|https://www.sec.gov/Archives/edgar/data/1458891/000120919120046021/0001209191-20-046021.txt|https://www.sec.gov/Archives/edgar/data/1214243/000120919120046021/xslF345X03/doc4.xml
SWI|SolarWinds Corp|Common Stock|2020-08-06|A|0.0|101289.0||0.0|THOMPSON KEVIN B|Director|https://www.sec.gov/Archives/edgar/data/1739942/000173994220000081/0001739942-20-000081.txt|https://www.sec.gov/Archives/edgar/data/1180598/000173994220000081/xslF345X03/wf-form4_159710232247103.xml
HWM|Howmet Aerospace Inc.|Restricted Stock Unit|2020-08-06|D|0.0|486666.0||0.0|PLANT JOHN C|Director|https://www.sec.gov/Archives/edgar/data/4281/000000428120000165/0000004281-20-000165.txt|https://www.sec.gov/Archives/edgar/data/4281/000000428120000165/xslF345X03/edgar.xml
HWM|Howmet Aerospace Inc.|Restricted Stock Unit|2020-08-06|D|0.0|60833.0||0.0|PLANT JOHN C|Director|https://www.sec.gov/Archives/edgar/data/4281/000000428120000165/0000004281-20-000165.txt|https://www.sec.gov/Archives/edgar/data/4281/000000428120000165/xslF345X03/edgar.xml
HWM|Howmet Aerospace Inc.|Restricted Stock Unit|2020-08-06|D|0.0|60833.0||0.0|PLANT JOHN C|Director|https://www.sec.gov/Archives/edgar/data/4281/000000428120000165/0000004281-20-000165.txt|https://www.sec.gov/Archives/edgar/data/4281/000000428120000165/xslF345X03/edgar.xml
HWM|Howmet Aerospace Inc.|Common Stock|2020-08-06|A|17.28|608332.0||10511976.96|PLANT JOHN C|Director|https://www.sec.gov/Archives/edgar/data/4281/000000428120000165/0000004281-20-000165.txt|https://www.sec.gov/Archives/edgar/data/4281/000000428120000165/xslF345X03/edgar.xml
HWM|Howmet Aerospace Inc.|Common Stock|2020-08-06|D|17.28|256260.0||4428172.800000001|PLANT JOHN C|Director|https://www.sec.gov/Archives/edgar/data/4281/000000428120000165/0000004281-20-000165.txt|https://www.sec.gov/Archives/edgar/data/4281/000000428120000165/xslF345X03/edgar.xml
PGNY|Progyny, Inc.|Employee Stock Option (right to buy)|2020-08-06|D|0.0|12479.0|2027-08-03|0.0|Schlanger David J|Director|https://www.sec.gov/Archives/edgar/data/1551306/000120919120046019/0001209191-20-046019.txt|https://www.sec.gov/Archives/edgar/data/1551306/000120919120046019/xslF345X03/doc4.xml
PGNY|Progyny, Inc.|Employee Stock Option (right to buy)|2020-08-07|D|0.0|1000.0|2027-08-03|0.0|Schlanger David J|Director|https://www.sec.gov/Archives/edgar/data/1551306/000120919120046019/0001209191-20-046019.txt|https://www.sec.gov/Archives/edgar/data/1551306/000120919120046019/xslF345X03/doc4.xml
PGNY|Progyny, Inc.|Employee Stock Option (right to buy)|2020-08-10|D|0.0|46521.0|2027-08-03|0.0|Schlanger David J|Director|https://www.sec.gov/Archives/edgar/data/1551306/000120919120046019/0001209191-20-046019.txt|https://www.sec.gov/Archives/edgar/data/1551306/000120919120046019/xslF345X03/doc4.xml
PGNY|Progyny, Inc.|Common Stock|2020-08-06|A|0.91|12479.0||11355.890000000001|Schlanger David J|Director|https://www.sec.gov/Archives/edgar/data/1551306/000120919120046019/0001209191-20-046019.txt|https://www.sec.gov/Archives/edgar/data/1551306/000120919120046019/xslF345X03/doc4.xml
PGNY|Progyny, Inc.|Common Stock|2020-08-06|D|27.45|12479.0||342548.55|Schlanger David J|Director|https://www.sec.gov/Archives/edgar/data/1551306/000120919120046019/0001209191-20-046019.txt|https://www.sec.gov/Archives/edgar/data/1551306/000120919120046019/xslF345X03/doc4.xml
PGNY|Progyny, Inc.|Common Stock|2020-08-07|A|0.91|1000.0||910.0|Schlanger David J|Director|https://www.sec.gov/Archives/edgar/data/1551306/000120919120046019/0001209191-20-046019.txt|https://www.sec.gov/Archives/edgar/data/1551306/000120919120046019/xslF345X03/doc4.xml
PGNY|Progyny, Inc.|Common Stock|2020-08-07|D|27.49|1000.0||27490.0|Schlanger David J|Director|https://www.sec.gov/Archives/edgar/data/1551306/000120919120046019/0001209191-20-046019.txt|https://www.sec.gov/Archives/edgar/data/1551306/000120919120046019/xslF345X03/doc4.xml
PGNY|Progyny, Inc.|Common Stock|2020-08-10|A|0.91|46521.0||42334.11|Schlanger David J|Director|https://www.sec.gov/Archives/edgar/data/1551306/000120919120046019/0001209191-20-046019.txt|https://www.sec.gov/Archives/edgar/data/1551306/000120919120046019/xslF345X03/doc4.xml
PGNY|Progyny, Inc.|Common Stock|2020-08-10|D|27.72|46521.0||1289562.1199999999|Schlanger David J|Director|https://www.sec.gov/Archives/edgar/data/1551306/000120919120046019/0001209191-20-046019.txt|https://www.sec.gov/Archives/edgar/data/1551306/000120919120046019/xslF345X03/doc4.xml
EIDX|Eidos Therapeutics, Inc.|Restricted Stock Units|2020-08-06|A|0.0|4526.0||0.0|Hooper Suzanne Sawochka|Director|https://www.sec.gov/Archives/edgar/data/1731831/000089924320021958/0000899243-20-021958.txt|https://www.sec.gov/Archives/edgar/data/1544589/000089924320021958/xslF345X03/doc4.xml
EIDX|Eidos Therapeutics, Inc.|Stock Option (Right to Buy)|2020-08-06|A|0.0|21447.0|2030-08-05|0.0|Hooper Suzanne Sawochka|Director|https://www.sec.gov/Archives/edgar/data/1731831/000089924320021958/0000899243-20-021958.txt|https://www.sec.gov/Archives/edgar/data/1544589/000089924320021958/xslF345X03/doc4.xml
EIDX|Eidos Therapeutics, Inc.|Restricted Stock Units|2020-08-06|A|0.0|4526.0||0.0|Rohlen Douglas|Director|https://www.sec.gov/Archives/edgar/data/1731831/000089924320021957/0000899243-20-021957.txt|https://www.sec.gov/Archives/edgar/data/1306344/000089924320021957/xslF345X03/doc4.xml
EIDX|Eidos Therapeutics, Inc.|Stock Option (Right to Buy)|2020-08-06|A|0.0|21447.0|2030-08-05|0.0|Rohlen Douglas|Director|https://www.sec.gov/Archives/edgar/data/1731831/000089924320021957/0000899243-20-021957.txt|https://www.sec.gov/Archives/edgar/data/1306344/000089924320021957/xslF345X03/doc4.xml
ZVO|Zovio Inc|Common Stock|2020-08-06|D|6.3169|12962.0||81879.6578|Burkholder Steve|Officer|https://www.sec.gov/Archives/edgar/data/1305323/000156761920014653/0001567619-20-014653.txt|https://www.sec.gov/Archives/edgar/data/1305323/000156761920014653/xslF345X03/doc1.xml
RBB|RBB Bancorp|Common Stock, No Par Value|2020-08-10|D|13.4|300.0||4020.0|Koo Chie-Min Christopher|Director|https://www.sec.gov/Archives/edgar/data/1499422/000120919120046018/0001209191-20-046018.txt|https://www.sec.gov/Archives/edgar/data/1499422/000120919120046018/xslF345X03/doc4.xml
RBB|RBB Bancorp|Common Stock, No Par Value|2020-08-10|D|13.7|300.0||4110.0|Koo Chie-Min Christopher|Director|https://www.sec.gov/Archives/edgar/data/1499422/000120919120046018/0001209191-20-046018.txt|https://www.sec.gov/Archives/edgar/data/1499422/000120919120046018/xslF345X03/doc4.xml
NLSN|Nielsen Holdings plc|Common Stock|2020-08-07|D|15.88|98.0||1556.24|Taft Christopher|Officer|https://www.sec.gov/Archives/edgar/data/1492633/000120919120046016/0001209191-20-046016.txt|https://www.sec.gov/Archives/edgar/data/1492633/000120919120046016/xslF345X03/doc4.xml
MDGL|MADRIGAL PHARMACEUTICALS, INC.|Stock Option (Right to Buy)|2020-08-06|A|0.0|20000.0|2030-08-06|0.0|Lynch Brian Joseph|Officer|https://www.sec.gov/Archives/edgar/data/1157601/000089924320021949/0000899243-20-021949.txt|https://www.sec.gov/Archives/edgar/data/1157601/000089924320021949/xslF345X03/doc4.xml
ATVI|Activision Blizzard, Inc.|Common Stock, par value $0.000001 per share|2020-08-06|D|86.0605|12902.0||1110352.571|Macartney Claudine|Officer|https://www.sec.gov/Archives/edgar/data/718877/000135202720000063/0001352027-20-000063.txt|https://www.sec.gov/Archives/edgar/data/718877/000135202720000063/xslF345X03/wf-form4_159710080703980.xml
HCA|HCA Healthcare, Inc.|Common Stock|2020-08-06|D|132.97|254.0||33774.38|Paslick P. Martin|Officer|https://www.sec.gov/Archives/edgar/data/860730/000120919120046014/0001209191-20-046014.txt|https://www.sec.gov/Archives/edgar/data/860730/000120919120046014/xslF345X03/doc4.xml
HCA|HCA Healthcare, Inc.|Common Stock|2020-08-07|D|132.97|2594.0||344924.18|Paslick P. Martin|Officer|https://www.sec.gov/Archives/edgar/data/860730/000120919120046014/0001209191-20-046014.txt|https://www.sec.gov/Archives/edgar/data/860730/000120919120046014/xslF345X03/doc4.xml
WPF|Foley Trasimene Acquisition Corp.|Warrants to purchase Class A Common Stock|2020-08-06|A||41666.0|||MFN Partners, LP|10% Owner|https://www.sec.gov/Archives/edgar/data/1809104/000090445420000558/0000904454-20-000558.txt|https://www.sec.gov/Archives/edgar/data/1575023/000090445420000558/xslF345X03/edgar.xml
WPF|Foley Trasimene Acquisition Corp.|Warrants to purchase Class A Common Stock|2020-08-07|A|2.068|625000.0||1292500.0|MFN Partners, LP|10% Owner|https://www.sec.gov/Archives/edgar/data/1809104/000090445420000558/0000904454-20-000558.txt|https://www.sec.gov/Archives/edgar/data/1575023/000090445420000558/xslF345X03/edgar.xml
WPF|Foley Trasimene Acquisition Corp.|Class A Common Stock|2020-08-06|A|10.15|67457.0||684688.55|MFN Partners, LP|10% Owner|https://www.sec.gov/Archives/edgar/data/1809104/000090445420000558/0000904454-20-000558.txt|https://www.sec.gov/Archives/edgar/data/1575023/000090445420000558/xslF345X03/edgar.xml
WPF|Foley Trasimene Acquisition Corp.|Class A Common Stock|2020-08-06|A||125000.0|||MFN Partners, LP|10% Owner|https://www.sec.gov/Archives/edgar/data/1809104/000090445420000558/0000904454-20-000558.txt|https://www.sec.gov/Archives/edgar/data/1575023/000090445420000558/xslF345X03/edgar.xml
WPF|Foley Trasimene Acquisition Corp.|Class A Common Stock|2020-08-07|A|10.1824|850000.0||8655040.0|MFN Partners, LP|10% Owner|https://www.sec.gov/Archives/edgar/data/1809104/000090445420000558/0000904454-20-000558.txt|https://www.sec.gov/Archives/edgar/data/1575023/000090445420000558/xslF345X03/edgar.xml
WPF|NANJI FARHAD|Warrants to purchase Class A Common Stock|2020-08-06|A||41666.0|||MFN Partners, LP|10% Owner|https://www.sec.gov/Archives/edgar/data/1575023/000090445420000558/0000904454-20-000558.txt|https://www.sec.gov/Archives/edgar/data/1575023/000090445420000558/xslF345X03/edgar.xml
WPF|NANJI FARHAD|Warrants to purchase Class A Common Stock|2020-08-07|A|2.068|625000.0||1292500.0|MFN Partners, LP|10% Owner|https://www.sec.gov/Archives/edgar/data/1575023/000090445420000558/0000904454-20-000558.txt|https://www.sec.gov/Archives/edgar/data/1575023/000090445420000558/xslF345X03/edgar.xml
WPF|NANJI FARHAD|Class A Common Stock|2020-08-06|A|10.15|67457.0||684688.55|MFN Partners, LP|10% Owner|https://www.sec.gov/Archives/edgar/data/1575023/000090445420000558/0000904454-20-000558.txt|https://www.sec.gov/Archives/edgar/data/1575023/000090445420000558/xslF345X03/edgar.xml
WPF|NANJI FARHAD|Class A Common Stock|2020-08-06|A||125000.0|||MFN Partners, LP|10% Owner|https://www.sec.gov/Archives/edgar/data/1575023/000090445420000558/0000904454-20-000558.txt|https://www.sec.gov/Archives/edgar/data/1575023/000090445420000558/xslF345X03/edgar.xml
WPF|NANJI FARHAD|Class A Common Stock|2020-08-07|A|10.1824|850000.0||8655040.0|MFN Partners, LP|10% Owner|https://www.sec.gov/Archives/edgar/data/1575023/000090445420000558/0000904454-20-000558.txt|https://www.sec.gov/Archives/edgar/data/1575023/000090445420000558/xslF345X03/edgar.xml
WPF|DeMichele Michael|Warrants to purchase Class A Common Stock|2020-08-06|A||41666.0|||MFN Partners, LP|10% Owner|https://www.sec.gov/Archives/edgar/data/1814117/000090445420000558/0000904454-20-000558.txt|https://www.sec.gov/Archives/edgar/data/1575023/000090445420000558/xslF345X03/edgar.xml
WPF|DeMichele Michael|Warrants to purchase Class A Common Stock|2020-08-07|A|2.068|625000.0||1292500.0|MFN Partners, LP|10% Owner|https://www.sec.gov/Archives/edgar/data/1814117/000090445420000558/0000904454-20-000558.txt|https://www.sec.gov/Archives/edgar/data/1575023/000090445420000558/xslF345X03/edgar.xml
WPF|DeMichele Michael|Class A Common Stock|2020-08-06|A|10.15|67457.0||684688.55|MFN Partners, LP|10% Owner|https://www.sec.gov/Archives/edgar/data/1814117/000090445420000558/0000904454-20-000558.txt|https://www.sec.gov/Archives/edgar/data/1575023/000090445420000558/xslF345X03/edgar.xml
WPF|DeMichele Michael|Class A Common Stock|2020-08-06|A||125000.0|||MFN Partners, LP|10% Owner|https://www.sec.gov/Archives/edgar/data/1814117/000090445420000558/0000904454-20-000558.txt|https://www.sec.gov/Archives/edgar/data/1575023/000090445420000558/xslF345X03/edgar.xml
WPF|DeMichele Michael|Class A Common Stock|2020-08-07|A|10.1824|850000.0||8655040.0|MFN Partners, LP|10% Owner|https://www.sec.gov/Archives/edgar/data/1814117/000090445420000558/0000904454-20-000558.txt|https://www.sec.gov/Archives/edgar/data/1575023/000090445420000558/xslF345X03/edgar.xml
WPF|MFN Partners Management, LP|Warrants to purchase Class A Common Stock|2020-08-06|A||41666.0|||MFN Partners, LP|10% Owner|https://www.sec.gov/Archives/edgar/data/1732811/000090445420000558/0000904454-20-000558.txt|https://www.sec.gov/Archives/edgar/data/1575023/000090445420000558/xslF345X03/edgar.xml
WPF|MFN Partners Management, LP|Warrants to purchase Class A Common Stock|2020-08-07|A|2.068|625000.0||1292500.0|MFN Partners, LP|10% Owner|https://www.sec.gov/Archives/edgar/data/1732811/000090445420000558/0000904454-20-000558.txt|https://www.sec.gov/Archives/edgar/data/1575023/000090445420000558/xslF345X03/edgar.xml
WPF|MFN Partners Management, LP|Class A Common Stock|2020-08-06|A|10.15|67457.0||684688.55|MFN Partners, LP|10% Owner|https://www.sec.gov/Archives/edgar/data/1732811/000090445420000558/0000904454-20-000558.txt|https://www.sec.gov/Archives/edgar/data/1575023/000090445420000558/xslF345X03/edgar.xml
WPF|MFN Partners Management, LP|Class A Common Stock|2020-08-06|A||125000.0|||MFN Partners, LP|10% Owner|https://www.sec.gov/Archives/edgar/data/1732811/000090445420000558/0000904454-20-000558.txt|https://www.sec.gov/Archives/edgar/data/1575023/000090445420000558/xslF345X03/edgar.xml
WPF|MFN Partners Management, LP|Class A Common Stock|2020-08-07|A|10.1824|850000.0||8655040.0|MFN Partners, LP|10% Owner|https://www.sec.gov/Archives/edgar/data/1732811/000090445420000558/0000904454-20-000558.txt|https://www.sec.gov/Archives/edgar/data/1575023/000090445420000558/xslF345X03/edgar.xml
WPF|MFN Partners Management, LLC|Warrants to purchase Class A Common Stock|2020-08-06|A||41666.0|||MFN Partners, LP|10% Owner|https://www.sec.gov/Archives/edgar/data/1814127/000090445420000558/0000904454-20-000558.txt|https://www.sec.gov/Archives/edgar/data/1575023/000090445420000558/xslF345X03/edgar.xml
WPF|MFN Partners Management, LLC|Warrants to purchase Class A Common Stock|2020-08-07|A|2.068|625000.0||1292500.0|MFN Partners, LP|10% Owner|https://www.sec.gov/Archives/edgar/data/1814127/000090445420000558/0000904454-20-000558.txt|https://www.sec.gov/Archives/edgar/data/1575023/000090445420000558/xslF345X03/edgar.xml
WPF|MFN Partners Management, LLC|Class A Common Stock|2020-08-06|A|10.15|67457.0||684688.55|MFN Partners, LP|10% Owner|https://www.sec.gov/Archives/edgar/data/1814127/000090445420000558/0000904454-20-000558.txt|https://www.sec.gov/Archives/edgar/data/1575023/000090445420000558/xslF345X03/edgar.xml
WPF|MFN Partners Management, LLC|Class A Common Stock|2020-08-06|A||125000.0|||MFN Partners, LP|10% Owner|https://www.sec.gov/Archives/edgar/data/1814127/000090445420000558/0000904454-20-000558.txt|https://www.sec.gov/Archives/edgar/data/1575023/000090445420000558/xslF345X03/edgar.xml
WPF|MFN Partners Management, LLC|Class A Common Stock|2020-08-07|A|10.1824|850000.0||8655040.0|MFN Partners, LP|10% Owner|https://www.sec.gov/Archives/edgar/data/1814127/000090445420000558/0000904454-20-000558.txt|https://www.sec.gov/Archives/edgar/data/1575023/000090445420000558/xslF345X03/edgar.xml
WPF|MFN Partners GP, LLC|Warrants to purchase Class A Common Stock|2020-08-06|A||41666.0|||MFN Partners, LP|10% Owner|https://www.sec.gov/Archives/edgar/data/1814126/000090445420000558/0000904454-20-000558.txt|https://www.sec.gov/Archives/edgar/data/1575023/000090445420000558/xslF345X03/edgar.xml
WPF|MFN Partners GP, LLC|Warrants to purchase Class A Common Stock|2020-08-07|A|2.068|625000.0||1292500.0|MFN Partners, LP|10% Owner|https://www.sec.gov/Archives/edgar/data/1814126/000090445420000558/0000904454-20-000558.txt|https://www.sec.gov/Archives/edgar/data/1575023/000090445420000558/xslF345X03/edgar.xml
WPF|MFN Partners GP, LLC|Class A Common Stock|2020-08-06|A|10.15|67457.0||684688.55|MFN Partners, LP|10% Owner|https://www.sec.gov/Archives/edgar/data/1814126/000090445420000558/0000904454-20-000558.txt|https://www.sec.gov/Archives/edgar/data/1575023/000090445420000558/xslF345X03/edgar.xml
WPF|MFN Partners GP, LLC|Class A Common Stock|2020-08-06|A||125000.0|||MFN Partners, LP|10% Owner|https://www.sec.gov/Archives/edgar/data/1814126/000090445420000558/0000904454-20-000558.txt|https://www.sec.gov/Archives/edgar/data/1575023/000090445420000558/xslF345X03/edgar.xml
WPF|MFN Partners GP, LLC|Class A Common Stock|2020-08-07|A|10.1824|850000.0||8655040.0|MFN Partners, LP|10% Owner|https://www.sec.gov/Archives/edgar/data/1814126/000090445420000558/0000904454-20-000558.txt|https://www.sec.gov/Archives/edgar/data/1575023/000090445420000558/xslF345X03/edgar.xml
ATVI|Activision Blizzard, Inc.|Employee Stock Options|2020-08-06|A|0.0|25019.0|2030-08-06|0.0|YANG JESSE|Officer|https://www.sec.gov/Archives/edgar/data/718877/000135202720000062/0001352027-20-000062.txt|https://www.sec.gov/Archives/edgar/data/718877/000135202720000062/xslF345X03/wf-form4_159710066833074.xml
ATVI|Activision Blizzard, Inc.|Employee Stock Options|2020-08-06|A|0.0|15289.0|2030-08-06|0.0|YANG JESSE|Officer|https://www.sec.gov/Archives/edgar/data/718877/000135202720000062/0001352027-20-000062.txt|https://www.sec.gov/Archives/edgar/data/718877/000135202720000062/xslF345X03/wf-form4_159710066833074.xml
ATVI|Activision Blizzard, Inc.|Common Stock, par value $0.000001 per share|2020-08-06|A|0.0|15547.0||0.0|YANG JESSE|Officer|https://www.sec.gov/Archives/edgar/data/718877/000135202720000062/0001352027-20-000062.txt|https://www.sec.gov/Archives/edgar/data/718877/000135202720000062/xslF345X03/wf-form4_159710066833074.xml
ATVI|Activision Blizzard, Inc.|Common Stock, par value $0.000001 per share|2020-08-06|A|0.0|9500.0||0.0|YANG JESSE|Officer|https://www.sec.gov/Archives/edgar/data/718877/000135202720000062/0001352027-20-000062.txt|https://www.sec.gov/Archives/edgar/data/718877/000135202720000062/xslF345X03/wf-form4_159710066833074.xml
HBIO|HARVARD BIOSCIENCE INC|Common Stock|2020-08-06|D|0.0|7500.0||0.0|KENNEDY JOHN F|Director|https://www.sec.gov/Archives/edgar/data/1123494/000120919120046013/0001209191-20-046013.txt|https://www.sec.gov/Archives/edgar/data/1123494/000120919120046013/xslF345X03/doc4.xml
EXPD|EXPEDITORS INTERNATIONAL OF WASHINGTON INC|Stock Options (Right to Buy)|2020-08-07|D|0.0|41675.0|2026-05-03|0.0|POWELL BRADLEY S|Officer|https://www.sec.gov/Archives/edgar/data/746515/000112760220023301/0001127602-20-023301.txt|https://www.sec.gov/Archives/edgar/data/746515/000112760220023301/xslF345X03/form4.xml
EXPD|EXPEDITORS INTERNATIONAL OF WASHINGTON INC|Common Stock|2020-08-07|A|47.39|41675.0||1974978.25|POWELL BRADLEY S|Officer|https://www.sec.gov/Archives/edgar/data/746515/000112760220023301/0001127602-20-023301.txt|https://www.sec.gov/Archives/edgar/data/746515/000112760220023301/xslF345X03/form4.xml
EXPD|EXPEDITORS INTERNATIONAL OF WASHINGTON INC|Common Stock|2020-08-07|D|85.356|41675.0||3557211.3|POWELL BRADLEY S|Officer|https://www.sec.gov/Archives/edgar/data/746515/000112760220023301/0001127602-20-023301.txt|https://www.sec.gov/Archives/edgar/data/746515/000112760220023301/xslF345X03/form4.xml
BRMK|Broadmark Realty Capital Inc.|Warrants (Right to Buy)|2020-08-06|A|0.0|209521.0|2024-11-14|0.0|Haggerty Stephen G|Director|https://www.sec.gov/Archives/edgar/data/1784797/000095013820000325/0000950138-20-000325.txt|https://www.sec.gov/Archives/edgar/data/1472177/000095013820000325/xslF345X03/edgar.xml
BRMK|Broadmark Realty Capital Inc.|Common Stock|2020-08-06|A|0.0|78370.0||0.0|Haggerty Stephen G|Director|https://www.sec.gov/Archives/edgar/data/1784797/000095013820000325/0000950138-20-000325.txt|https://www.sec.gov/Archives/edgar/data/1472177/000095013820000325/xslF345X03/edgar.xml
ALK|ALASKA AIR GROUP, INC.|COMMON STOCK|2020-08-10|D|39.0186|2500.0||97546.5|HARRISON ANDREW R|Officer|https://www.sec.gov/Archives/edgar/data/766421/000154403020000002/0001544030-20-000002.txt|https://www.sec.gov/Archives/edgar/data/766421/000154403020000002/xslF345X03/primary_doc.xml
NVRO|NEVRO CORP|Stock Option (Right to Buy)|2020-08-10|D|0.0|750.0|2029-07-14|0.0|Pellegrini Niamh Louise|Officer|https://www.sec.gov/Archives/edgar/data/1444380/000156761920014651/0001567619-20-014651.txt|https://www.sec.gov/Archives/edgar/data/1444380/000156761920014651/xslF345X03/doc1.xml
NVRO|NEVRO CORP|Common Stock|2020-08-06|D|141.77|4476.0||634562.52|Pellegrini Niamh Louise|Officer|https://www.sec.gov/Archives/edgar/data/1444380/000156761920014651/0001567619-20-014651.txt|https://www.sec.gov/Archives/edgar/data/1444380/000156761920014651/xslF345X03/doc1.xml
NVRO|NEVRO CORP|Common Stock|2020-08-10|A|64.95|750.0||48712.5|Pellegrini Niamh Louise|Officer|https://www.sec.gov/Archives/edgar/data/1444380/000156761920014651/0001567619-20-014651.txt|https://www.sec.gov/Archives/edgar/data/1444380/000156761920014651/xslF345X03/doc1.xml
NVRO|NEVRO CORP|Common Stock|2020-08-10|D|140.11|750.0||105082.50000000001|Pellegrini Niamh Louise|Officer|https://www.sec.gov/Archives/edgar/data/1444380/000156761920014651/0001567619-20-014651.txt|https://www.sec.gov/Archives/edgar/data/1444380/000156761920014651/xslF345X03/doc1.xml
SLQT|SelectQuote, Inc.|Restricted Stock Units|2020-08-01|A|0.0|29577.0||0.0|Grant Robert Clay|Officer|https://www.sec.gov/Archives/edgar/data/1794783/000089924320021946/0000899243-20-021946.txt|https://www.sec.gov/Archives/edgar/data/1794783/000089924320021946/xslF345X03/doc4.xml
SLQT|SelectQuote, Inc.|Employee Stock Options|2020-08-01|A|0.0|118308.0|2030-08-01|0.0|Grant Robert Clay|Officer|https://www.sec.gov/Archives/edgar/data/1794783/000089924320021946/0000899243-20-021946.txt|https://www.sec.gov/Archives/edgar/data/1794783/000089924320021946/xslF345X03/doc4.xml
SLQT|SelectQuote, Inc.|Employee Stock Options|2020-07-29|D|0.0|9000.0|2027-09-27|0.0|Gunter Matthew Scott|Officer|https://www.sec.gov/Archives/edgar/data/1794783/000089924320021945/0000899243-20-021945.txt|https://www.sec.gov/Archives/edgar/data/1794783/000089924320021945/xslF345X03/doc4.xml
SLQT|SelectQuote, Inc.|Restricted Stock Units|2020-08-01|A|0.0|2250.0||0.0|Gunter Matthew Scott|Officer|https://www.sec.gov/Archives/edgar/data/1794783/000089924320021945/0000899243-20-021945.txt|https://www.sec.gov/Archives/edgar/data/1794783/000089924320021945/xslF345X03/doc4.xml
SLQT|SelectQuote, Inc.|Employee Stock Options|2020-08-01|A|0.0|9000.0|2030-08-01|0.0|Gunter Matthew Scott|Officer|https://www.sec.gov/Archives/edgar/data/1794783/000089924320021945/0000899243-20-021945.txt|https://www.sec.gov/Archives/edgar/data/1794783/000089924320021945/xslF345X03/doc4.xml
SLQT|SelectQuote, Inc.|Employee Stock Options|2020-08-10|D|0.0|2000.0|2027-09-27|0.0|Gunter Matthew Scott|Officer|https://www.sec.gov/Archives/edgar/data/1794783/000089924320021945/0000899243-20-021945.txt|https://www.sec.gov/Archives/edgar/data/1794783/000089924320021945/xslF345X03/doc4.xml
SLQT|SelectQuote, Inc.|Common Stock, par value $0.01 per share|2020-07-29|A|1.375|9000.0||12375.0|Gunter Matthew Scott|Officer|https://www.sec.gov/Archives/edgar/data/1794783/000089924320021945/0000899243-20-021945.txt|https://www.sec.gov/Archives/edgar/data/1794783/000089924320021945/xslF345X03/doc4.xml
SLQT|SelectQuote, Inc.|Common Stock, par value $0.01 per share|2020-08-10|A|1.375|2000.0||2750.0|Gunter Matthew Scott|Officer|https://www.sec.gov/Archives/edgar/data/1794783/000089924320021945/0000899243-20-021945.txt|https://www.sec.gov/Archives/edgar/data/1794783/000089924320021945/xslF345X03/doc4.xml
SLQT|SelectQuote, Inc.|Restricted Stock Units|2020-08-01|A|0.0|4219.0||0.0|May Floyd O'Lander III|Officer|https://www.sec.gov/Archives/edgar/data/1794783/000089924320021944/0000899243-20-021944.txt|https://www.sec.gov/Archives/edgar/data/1794783/000089924320021944/xslF345X03/doc4.xml
SLQT|SelectQuote, Inc.|Employee Stock Options|2020-08-01|A|0.0|16876.0|2030-08-01|0.0|May Floyd O'Lander III|Officer|https://www.sec.gov/Archives/edgar/data/1794783/000089924320021944/0000899243-20-021944.txt|https://www.sec.gov/Archives/edgar/data/1794783/000089924320021944/xslF345X03/doc4.xml
ZEN|Zendesk, Inc.|Common Stock|2020-08-10|D|88.0581|5963.0||525090.4503|WILSON L MICHELLE|Director|https://www.sec.gov/Archives/edgar/data/1463172/000146317220000320/0001463172-20-000320.txt|https://www.sec.gov/Archives/edgar/data/1184757/000146317220000320/xslF345X03/wf-form4_159709974581906.xml
ZEN|Zendesk, Inc.|Common Stock|2020-08-10|D|88.8092|8637.0||767045.0604000001|WILSON L MICHELLE|Director|https://www.sec.gov/Archives/edgar/data/1463172/000146317220000320/0001463172-20-000320.txt|https://www.sec.gov/Archives/edgar/data/1184757/000146317220000320/xslF345X03/wf-form4_159709974581906.xml
ZEN|Zendesk, Inc.|Common Stock|2020-08-10|D|89.4823|5400.0||483204.42|WILSON L MICHELLE|Director|https://www.sec.gov/Archives/edgar/data/1463172/000146317220000320/0001463172-20-000320.txt|https://www.sec.gov/Archives/edgar/data/1184757/000146317220000320/xslF345X03/wf-form4_159709974581906.xml
SLQT|SelectQuote, Inc.|Restricted Stock Units|2020-08-01|A|0.0|29577.0||0.0|Grant William Thomas III|Officer|https://www.sec.gov/Archives/edgar/data/1794783/000089924320021942/0000899243-20-021942.txt|https://www.sec.gov/Archives/edgar/data/1794783/000089924320021942/xslF345X03/doc4.xml
SLQT|SelectQuote, Inc.|Employee Stock Options|2020-08-01|A|0.0|118308.0|2030-08-01|0.0|Grant William Thomas III|Officer|https://www.sec.gov/Archives/edgar/data/1794783/000089924320021942/0000899243-20-021942.txt|https://www.sec.gov/Archives/edgar/data/1794783/000089924320021942/xslF345X03/doc4.xml
SLQT|SelectQuote, Inc.|Restricted Stock Units|2020-08-01|A|0.0|29577.0||0.0|Danker Timothy Robert|Director|https://www.sec.gov/Archives/edgar/data/1794783/000089924320021941/0000899243-20-021941.txt|https://www.sec.gov/Archives/edgar/data/1794783/000089924320021941/xslF345X03/doc4.xml
SLQT|SelectQuote, Inc.|Employee Stock Options|2020-08-01|A|0.0|118308.0|2030-08-01|0.0|Danker Timothy Robert|Director|https://www.sec.gov/Archives/edgar/data/1794783/000089924320021941/0000899243-20-021941.txt|https://www.sec.gov/Archives/edgar/data/1794783/000089924320021941/xslF345X03/doc4.xml
SLQT|SelectQuote, Inc.|Restricted Stock Units|2020-08-01|A|0.0|6267.0||0.0|Boulware Daniel Allen|Officer|https://www.sec.gov/Archives/edgar/data/1794783/000089924320021939/0000899243-20-021939.txt|https://www.sec.gov/Archives/edgar/data/1794783/000089924320021939/xslF345X03/doc4.xml
SLQT|SelectQuote, Inc.|Employee Stock Options|2020-08-01|A|0.0|25068.0|2030-08-01|0.0|Boulware Daniel Allen|Officer|https://www.sec.gov/Archives/edgar/data/1794783/000089924320021939/0000899243-20-021939.txt|https://www.sec.gov/Archives/edgar/data/1794783/000089924320021939/xslF345X03/doc4.xml
SLQT|SelectQuote, Inc.|Restricted Stock Units|2020-08-01|A|0.0|17596.0||0.0|Sadun Raffaele|Officer|https://www.sec.gov/Archives/edgar/data/1794783/000089924320021938/0000899243-20-021938.txt|https://www.sec.gov/Archives/edgar/data/1794783/000089924320021938/xslF345X03/doc4.xml
SLQT|SelectQuote, Inc.|Employee Stock Options|2020-08-01|A|0.0|70384.0|2030-08-01|0.0|Sadun Raffaele|Officer|https://www.sec.gov/Archives/edgar/data/1794783/000089924320021938/0000899243-20-021938.txt|https://www.sec.gov/Archives/edgar/data/1794783/000089924320021938/xslF345X03/doc4.xml
CAMP|CalAmp Corp.|Common Stock|2020-08-07|A|8.31|1000.0||8310.0|GARDNER JEFFERY R|Director|https://www.sec.gov/Archives/edgar/data/730255/000120919120046012/0001209191-20-046012.txt|https://www.sec.gov/Archives/edgar/data/730255/000120919120046012/xslF345X03/doc4.xml
SLQT|SelectQuote, Inc.|Restricted Stock Units|2020-08-01|A|0.0|1750.0||0.0|Gregory Paul L|Officer|https://www.sec.gov/Archives/edgar/data/1794783/000089924320021932/0000899243-20-021932.txt|https://www.sec.gov/Archives/edgar/data/1794783/000089924320021932/xslF345X03/doc4.xml
SLQT|SelectQuote, Inc.|Employee Stock Options|2020-08-01|A|0.0|7000.0|2030-08-01|0.0|Gregory Paul L|Officer|https://www.sec.gov/Archives/edgar/data/1794783/000089924320021932/0000899243-20-021932.txt|https://www.sec.gov/Archives/edgar/data/1794783/000089924320021932/xslF345X03/doc4.xml
TRNO|Terreno Realty Corp|Common Stock, $0.01 par value per share|2020-08-07|D|61.28|20000.0||1225600.0|BAIRD W BLAKE|Director|https://www.sec.gov/Archives/edgar/data/1476150/000089924320021930/0000899243-20-021930.txt|https://www.sec.gov/Archives/edgar/data/1213596/000089924320021930/xslF345X03/doc4.xml
TRNO|Terreno Realty Corp|Common Stock, $0.01 par value per share|2020-08-07|D|61.11|6209.0||379431.99|Burke Andrew Thomas|Officer|https://www.sec.gov/Archives/edgar/data/1476150/000089924320021929/0000899243-20-021929.txt|https://www.sec.gov/Archives/edgar/data/1476150/000089924320021929/xslF345X03/doc4.xml
TRNO|Terreno Realty Corp|Common Stock, $0.01 par value per share|2020-08-07|D|61.31|3000.0||183930.0|Cannon Jaime Jackson|Officer|https://www.sec.gov/Archives/edgar/data/1476150/000089924320021928/0000899243-20-021928.txt|https://www.sec.gov/Archives/edgar/data/1476150/000089924320021928/xslF345X03/doc4.xml
TRNO|Terreno Realty Corp|Common Stock, $0.01 par value per share|2020-08-07|D|61.41|30000.0||1842300.0|COKE MICHAEL A|Director|https://www.sec.gov/Archives/edgar/data/1476150/000089924320021927/0000899243-20-021927.txt|https://www.sec.gov/Archives/edgar/data/1213051/000089924320021927/xslF345X03/doc4.xml
BRMK|Broadmark Realty Capital Inc.|Common Stock|2020-08-06|A|0.0|31250.0||0.0|Schneider David|Officer|https://www.sec.gov/Archives/edgar/data/1784797/000095013820000322/0000950138-20-000322.txt|https://www.sec.gov/Archives/edgar/data/1739755/000095013820000322/xslF345X03/edgar.xml
CDK|CDK Global, Inc.|Common Stock|2020-08-06|A|0.0|888.0||0.0|Williams Jennifer A.|Officer|https://www.sec.gov/Archives/edgar/data/1609702/000095014220001977/0000950142-20-001977.txt|https://www.sec.gov/Archives/edgar/data/1609702/000095014220001977/xslF345X03/es2001051_4-williams.xml
NRGX|PIMCO Energy & Tactical Credit Opportunities Fund|Common Shares|2020-08-06|A|7.1|259644.0||1843472.4|IVASCYN DANIEL J|Other|https://www.sec.gov/Archives/edgar/data/1756908/000120919120046010/0001209191-20-046010.txt|https://www.sec.gov/Archives/edgar/data/1201895/000120919120046010/xslF345X03/doc4.xml
NRGX|PIMCO Energy & Tactical Credit Opportunities Fund|Common Shares|2020-08-06|A|7.01|79534.0||557533.34|IVASCYN DANIEL J|Other|https://www.sec.gov/Archives/edgar/data/1756908/000120919120046010/0001209191-20-046010.txt|https://www.sec.gov/Archives/edgar/data/1201895/000120919120046010/xslF345X03/doc4.xml
NRGX|PIMCO Energy & Tactical Credit Opportunities Fund|Common Shares|2020-08-07|A|6.94|5000.0||34700.0|IVASCYN DANIEL J|Other|https://www.sec.gov/Archives/edgar/data/1756908/000120919120046010/0001209191-20-046010.txt|https://www.sec.gov/Archives/edgar/data/1201895/000120919120046010/xslF345X03/doc4.xml
CDK|CDK Global, Inc.|Common Stock|2020-08-06|A|0.0|7589.0||0.0|TAUTGES JOSEPH A|Officer|https://www.sec.gov/Archives/edgar/data/1609702/000095014220001976/0000950142-20-001976.txt|https://www.sec.gov/Archives/edgar/data/1482249/000095014220001976/xslF345X03/es2001050_4-tautges.xml
CDK|CDK Global, Inc.|Common Stock|2020-08-07|D|46.89|2163.0||101423.07|TAUTGES JOSEPH A|Officer|https://www.sec.gov/Archives/edgar/data/1609702/000095014220001976/0000950142-20-001976.txt|https://www.sec.gov/Archives/edgar/data/1482249/000095014220001976/xslF345X03/es2001050_4-tautges.xml
BIOL|BIOLASE, INC|Restricted Stock Unit|2020-08-06|A|0.0|200000.0||0.0|BEAVER JOHN R|Officer|https://www.sec.gov/Archives/edgar/data/811240/000120919120046009/0001209191-20-046009.txt|https://www.sec.gov/Archives/edgar/data/811240/000120919120046009/xslF345X03/doc4.xml
LBC|Luther Burbank Corp|Common Stock|2020-08-10|A|10.447|2000.0||20894.0|WAJNERT THOMAS C|Director|https://www.sec.gov/Archives/edgar/data/1475348/000108847920000004/0001088479-20-000004.txt|https://www.sec.gov/Archives/edgar/data/1088479/000108847920000004/xslF345X03/wf-form4_159709902977948.xml
CDK|CDK Global, Inc.|Performance Stock Units|2020-08-06|A|0.0|2299.0||0.0|Packham Neil|Officer|https://www.sec.gov/Archives/edgar/data/1609702/000095014220001975/0000950142-20-001975.txt|https://www.sec.gov/Archives/edgar/data/1609702/000095014220001975/xslF345X03/es2001049_4-packham.xml
PFSI|PennyMac Financial Services, Inc.|Common Stock|2020-07-22|D|44.7131|5000.0||223565.5|Walker David M|Officer|https://www.sec.gov/Archives/edgar/data/1745916/000112760220023299/0001127602-20-023299.txt|https://www.sec.gov/Archives/edgar/data/1468934/000112760220023299/xslF345X03/form4.xml
PFSI|PennyMac Financial Services, Inc.|Common Stock|2020-08-06|D|50.2477|8900.0||447204.53|Walker David M|Officer|https://www.sec.gov/Archives/edgar/data/1745916/000112760220023299/0001127602-20-023299.txt|https://www.sec.gov/Archives/edgar/data/1468934/000112760220023299/xslF345X03/form4.xml
PFSI|PennyMac Financial Services, Inc.|Common Stock|2020-08-06|D|50.9945|1100.0||56093.950000000004|Walker David M|Officer|https://www.sec.gov/Archives/edgar/data/1745916/000112760220023299/0001127602-20-023299.txt|https://www.sec.gov/Archives/edgar/data/1468934/000112760220023299/xslF345X03/form4.xml
PFSI|PennyMac Financial Services, Inc.|Common Stock|2020-08-07|D|51.0652|4030.0||205792.756|Walker David M|Officer|https://www.sec.gov/Archives/edgar/data/1745916/000112760220023299/0001127602-20-023299.txt|https://www.sec.gov/Archives/edgar/data/1468934/000112760220023299/xslF345X03/form4.xml
PFSI|PennyMac Financial Services, Inc.|Common Stock|2020-08-07|D|51.7868|4218.0||218436.7224|Walker David M|Officer|https://www.sec.gov/Archives/edgar/data/1745916/000112760220023299/0001127602-20-023299.txt|https://www.sec.gov/Archives/edgar/data/1468934/000112760220023299/xslF345X03/form4.xml
PFSI|PennyMac Financial Services, Inc.|Common Stock|2020-08-07|D|52.7144|1252.0||65998.4288|Walker David M|Officer|https://www.sec.gov/Archives/edgar/data/1745916/000112760220023299/0001127602-20-023299.txt|https://www.sec.gov/Archives/edgar/data/1468934/000112760220023299/xslF345X03/form4.xml
PFSI|PennyMac Financial Services, Inc.|Common Stock|2020-08-07|D|53.6088|400.0||21443.52|Walker David M|Officer|https://www.sec.gov/Archives/edgar/data/1745916/000112760220023299/0001127602-20-023299.txt|https://www.sec.gov/Archives/edgar/data/1468934/000112760220023299/xslF345X03/form4.xml
PFSI|PennyMac Financial Services, Inc.|Common Stock|2020-08-07|D|55.23|100.0||5523.0|Walker David M|Officer|https://www.sec.gov/Archives/edgar/data/1745916/000112760220023299/0001127602-20-023299.txt|https://www.sec.gov/Archives/edgar/data/1468934/000112760220023299/xslF345X03/form4.xml
CDK|CDK Global, Inc.|Common Stock|2020-08-06|A|0.0|2487.0||0.0|Crutchfield Dean W.|Officer|https://www.sec.gov/Archives/edgar/data/1609702/000095014220001974/0000950142-20-001974.txt|https://www.sec.gov/Archives/edgar/data/1609702/000095014220001974/xslF345X03/es2001048_4-crutchfield.xml
LBC|Luther Burbank Corp|Common Stock|2020-08-10|A|10.47|2500.0||26175.0|LAGOMARSINO SIMONE|Director|https://www.sec.gov/Archives/edgar/data/1475348/000108496020000004/0001084960-20-000004.txt|https://www.sec.gov/Archives/edgar/data/1084960/000108496020000004/xslF345X03/wf-form4_159709891282669.xml
CDK|CDK Global, Inc.|Common Stock|2020-08-06|A|0.0|2366.0||0.0|Byrne Amy W.|Officer|https://www.sec.gov/Archives/edgar/data/1609702/000095014220001973/0000950142-20-001973.txt|https://www.sec.gov/Archives/edgar/data/1609702/000095014220001973/xslF345X03/es2001047_4-byrne.xml
NONE|Trinity Capital Inc.|Common Stock|2020-08-07|D||12594.0|||Brown Steve Louis|Director|https://www.sec.gov/Archives/edgar/data/1786108/000110465920092870/0001104659-20-092870.txt|https://www.sec.gov/Archives/edgar/data/1786108/000110465920092870/xslF345X03/tm2027173d1_form4.xml
BIOL|BIOLASE, INC|Restricted Stock Unit|2020-08-06|A|0.0|200000.0||0.0|Norbe Todd|Director|https://www.sec.gov/Archives/edgar/data/811240/000120919120046005/0001209191-20-046005.txt|https://www.sec.gov/Archives/edgar/data/811240/000120919120046005/xslF345X03/doc4.xml
CDK|CDK Global, Inc.|Common Stock|2020-08-06|A|0.0|2487.0||0.0|Brunz Lee J.|Officer|https://www.sec.gov/Archives/edgar/data/1609702/000095014220001972/0000950142-20-001972.txt|https://www.sec.gov/Archives/edgar/data/1609702/000095014220001972/xslF345X03/es2001046_4-brunz.xml
CDK|CDK Global, Inc.|Common Stock|2020-08-07|D|46.89|1786.0||83745.54000000001|Brunz Lee J.|Officer|https://www.sec.gov/Archives/edgar/data/1609702/000095014220001972/0000950142-20-001972.txt|https://www.sec.gov/Archives/edgar/data/1609702/000095014220001972/xslF345X03/es2001046_4-brunz.xml
LBC|Luther Burbank Corp|Common Stock|2020-08-07|D|10.077|8420.0||84848.34|Krouskup Jack W.|Director|https://www.sec.gov/Archives/edgar/data/1475348/000172114320000004/0001721143-20-000004.txt|https://www.sec.gov/Archives/edgar/data/1475348/000172114320000004/xslF345X03/wf-form4_159709868280284.xml
ISDR|ISSUER DIRECT CORP|Options to Purchase Common Stock|2020-08-10|D|0.0|5000.0|2023-09-27|0.0|Knerr Steven Winfield|Officer|https://www.sec.gov/Archives/edgar/data/843006/000165495420008738/0001654954-20-008738.txt|https://www.sec.gov/Archives/edgar/data/843006/000165495420008738/xslF345X03/section16.xml
ISDR|ISSUER DIRECT CORP|Common Stock|2020-08-06|D|17.5|3500.0||61250.0|Knerr Steven Winfield|Officer|https://www.sec.gov/Archives/edgar/data/843006/000165495420008738/0001654954-20-008738.txt|https://www.sec.gov/Archives/edgar/data/843006/000165495420008738/xslF345X03/section16.xml
ISDR|ISSUER DIRECT CORP|Common Stock|2020-08-10|A|7.76|5000.0||38800.0|Knerr Steven Winfield|Officer|https://www.sec.gov/Archives/edgar/data/843006/000165495420008738/0001654954-20-008738.txt|https://www.sec.gov/Archives/edgar/data/843006/000165495420008738/xslF345X03/section16.xml
ALTR|Altair Engineering Inc.|Stock Option (right to buy)|2020-08-07|D|0.0|8000.0|2036-12-01|0.0|Dagg James|Officer|https://www.sec.gov/Archives/edgar/data/1701732/000089924320021922/0000899243-20-021922.txt|https://www.sec.gov/Archives/edgar/data/1701732/000089924320021922/xslF345X03/doc4.xml
ALTR|Altair Engineering Inc.|Class A Common Stock|2020-08-07|A|0.0|8000.0||0.0|Dagg James|Officer|https://www.sec.gov/Archives/edgar/data/1701732/000089924320021922/0000899243-20-021922.txt|https://www.sec.gov/Archives/edgar/data/1701732/000089924320021922/xslF345X03/doc4.xml
ALTR|Altair Engineering Inc.|Class A Common Stock|2020-08-07|D|41.02|3038.0||124618.76000000001|Dagg James|Officer|https://www.sec.gov/Archives/edgar/data/1701732/000089924320021922/0000899243-20-021922.txt|https://www.sec.gov/Archives/edgar/data/1701732/000089924320021922/xslF345X03/doc4.xml
ALTR|Altair Engineering Inc.|Class A Common Stock|2020-08-07|D|42.33|3262.0||138080.46|Dagg James|Officer|https://www.sec.gov/Archives/edgar/data/1701732/000089924320021922/0000899243-20-021922.txt|https://www.sec.gov/Archives/edgar/data/1701732/000089924320021922/xslF345X03/doc4.xml
ALTR|Altair Engineering Inc.|Class A Common Stock|2020-08-07|D|43.311|1700.0||73628.7|Dagg James|Officer|https://www.sec.gov/Archives/edgar/data/1701732/000089924320021922/0000899243-20-021922.txt|https://www.sec.gov/Archives/edgar/data/1701732/000089924320021922/xslF345X03/doc4.xml
MPWR|MONOLITHIC POWER SYSTEMS INC|Common Stock|2020-08-06|D|280.0|600.0||168000.0|CHANG KUO WEI HERBERT|Director|https://www.sec.gov/Archives/edgar/data/1280452/000128045220000130/0001280452-20-000130.txt|https://www.sec.gov/Archives/edgar/data/1192171/000128045220000130/xslF345X03/edgardoc.xml
MPWR|MONOLITHIC POWER SYSTEMS INC|Common Stock|2020-08-07|D|283.0|100.0||28300.0|CHANG KUO WEI HERBERT|Director|https://www.sec.gov/Archives/edgar/data/1280452/000128045220000130/0001280452-20-000130.txt|https://www.sec.gov/Archives/edgar/data/1192171/000128045220000130/xslF345X03/edgardoc.xml
MDLA|Medallia, Inc.|Common Stock|2020-08-06|D|31.0584|385.0||11957.484|Stretch Leslie|Director|https://www.sec.gov/Archives/edgar/data/1540184/000120919120046003/0001209191-20-046003.txt|https://www.sec.gov/Archives/edgar/data/1343936/000120919120046003/xslF345X03/doc4.xml
MDLA|Medallia, Inc.|Common Stock|2020-08-07|D|31.015|100.0||3101.5|Stretch Leslie|Director|https://www.sec.gov/Archives/edgar/data/1540184/000120919120046003/0001209191-20-046003.txt|https://www.sec.gov/Archives/edgar/data/1343936/000120919120046003/xslF345X03/doc4.xml
AINC|Ashford Inc.|Common Stock|2020-08-07|A|0.0|4820.0||0.0|Bennett Monty J|Director|https://www.sec.gov/Archives/edgar/data/1604738/000110465920092868/0001104659-20-092868.txt|https://www.sec.gov/Archives/edgar/data/1260654/000110465920092868/xslF345X03/a4.xml
INSP|Inspire Medical Systems, Inc.|Common Stock|2020-05-04|D|0.0|3600.0||0.0|Herbert Timothy P.|Director|https://www.sec.gov/Archives/edgar/data/1609550/000110465920092867/0001104659-20-092867.txt|https://www.sec.gov/Archives/edgar/data/1609550/000110465920092867/xslF345X03/a4.xml
INSP|Inspire Medical Systems, Inc.|Common Stock|2020-08-06|D|105.16|57583.0||6055428.28|Herbert Timothy P.|Director|https://www.sec.gov/Archives/edgar/data/1609550/000110465920092867/0001104659-20-092867.txt|https://www.sec.gov/Archives/edgar/data/1609550/000110465920092867/xslF345X03/a4.xml
INSP|Inspire Medical Systems, Inc.|Common Stock|2020-08-06|D|106.68|14770.0||1575663.6|Herbert Timothy P.|Director|https://www.sec.gov/Archives/edgar/data/1609550/000110465920092867/0001104659-20-092867.txt|https://www.sec.gov/Archives/edgar/data/1609550/000110465920092867/xslF345X03/a4.xml
INSP|Inspire Medical Systems, Inc.|Common Stock|2020-08-06|D|107.4|7205.0||773817.0|Herbert Timothy P.|Director|https://www.sec.gov/Archives/edgar/data/1609550/000110465920092867/0001104659-20-092867.txt|https://www.sec.gov/Archives/edgar/data/1609550/000110465920092867/xslF345X03/a4.xml
INSP|Inspire Medical Systems, Inc.|Common Stock|2020-08-06|D|108.16|442.0||47806.72|Herbert Timothy P.|Director|https://www.sec.gov/Archives/edgar/data/1609550/000110465920092867/0001104659-20-092867.txt|https://www.sec.gov/Archives/edgar/data/1609550/000110465920092867/xslF345X03/a4.xml
BRMK|Broadmark Realty Capital Inc.|Common Stock|2020-08-06|A|0.0|41667.0||0.0|Pyatt Jeffrey B.|Director|https://www.sec.gov/Archives/edgar/data/1784797/000095013820000320/0000950138-20-000320.txt|https://www.sec.gov/Archives/edgar/data/1784797/000095013820000320/xslF345X03/edgar.xml
NEO|NEOGENOMICS INC|Stock Option (Right to Buy)|2020-08-06|D|0.0|10000.0|2022-05-25|0.0|HANNAH ALISON L.|Director|https://www.sec.gov/Archives/edgar/data/1077183/000107718320000181/0001077183-20-000181.txt|https://www.sec.gov/Archives/edgar/data/1077183/000107718320000181/xslF345X03/wf-form4_159709812032905.xml
NEO|NEOGENOMICS INC|Common Stock|2020-08-06|A|7.27|10000.0||72700.0|HANNAH ALISON L.|Director|https://www.sec.gov/Archives/edgar/data/1077183/000107718320000181/0001077183-20-000181.txt|https://www.sec.gov/Archives/edgar/data/1077183/000107718320000181/xslF345X03/wf-form4_159709812032905.xml
TLND|Talend S.A.|Ordinary Shares|2020-08-06|D|38.8341|1100.0||42717.51|Bride Laurent|Officer|https://www.sec.gov/Archives/edgar/data/1668105/000120919120046001/0001209191-20-046001.txt|https://www.sec.gov/Archives/edgar/data/1668105/000120919120046001/xslF345X03/doc4.xml
TLND|Talend S.A.|Ordinary Shares|2020-08-07|D|41.0368|23532.0||965677.9776|Bride Laurent|Officer|https://www.sec.gov/Archives/edgar/data/1668105/000120919120046001/0001209191-20-046001.txt|https://www.sec.gov/Archives/edgar/data/1668105/000120919120046001/xslF345X03/doc4.xml
TLND|Talend S.A.|Ordinary Shares|2020-08-07|D|41.801|3423.0||143084.823|Bride Laurent|Officer|https://www.sec.gov/Archives/edgar/data/1668105/000120919120046001/0001209191-20-046001.txt|https://www.sec.gov/Archives/edgar/data/1668105/000120919120046001/xslF345X03/doc4.xml
NEBLQ|Noble Corp plc|Shares|2020-08-07|D|0.035|19477.0||681.695|Campbell Laura D.|Officer|https://www.sec.gov/Archives/edgar/data/1458891/000120919120046000/0001209191-20-046000.txt|https://www.sec.gov/Archives/edgar/data/1458891/000120919120046000/xslF345X03/doc4.xml
NEO|NEOGENOMICS INC|Stock Option (Right to Buy)|2020-08-06|D|0.0|100000.0|2021-04-20|0.0|CARDOZA GEORGE|Officer|https://www.sec.gov/Archives/edgar/data/1077183/000107718320000180/0001077183-20-000180.txt|https://www.sec.gov/Archives/edgar/data/1077183/000107718320000180/xslF345X03/wf-form4_159709796772215.xml
NEO|NEOGENOMICS INC|Common Stock|2020-08-06|A|7.15|100000.0||715000.0|CARDOZA GEORGE|Officer|https://www.sec.gov/Archives/edgar/data/1077183/000107718320000180/0001077183-20-000180.txt|https://www.sec.gov/Archives/edgar/data/1077183/000107718320000180/xslF345X03/wf-form4_159709796772215.xml
NEO|NEOGENOMICS INC|Common Stock|2020-08-06|D|39.35|82500.0||3246375.0|CARDOZA GEORGE|Officer|https://www.sec.gov/Archives/edgar/data/1077183/000107718320000180/0001077183-20-000180.txt|https://www.sec.gov/Archives/edgar/data/1077183/000107718320000180/xslF345X03/wf-form4_159709796772215.xml
CALB|California BanCorp|Common Stock|2020-08-06|A|13.5|778.0||10503.0|Kintzer Donald|Director|https://www.sec.gov/Archives/edgar/data/1752036/000089924320021918/0000899243-20-021918.txt|https://www.sec.gov/Archives/edgar/data/1752036/000089924320021918/xslF345X03/doc4.xml
CALB|California BanCorp|Common Stock|2020-08-06|A|13.5|667.0||9004.5|Muller Frank L.|Director|https://www.sec.gov/Archives/edgar/data/1752036/000089924320021917/0000899243-20-021917.txt|https://www.sec.gov/Archives/edgar/data/1752036/000089924320021917/xslF345X03/doc4.xml
CALB|California BanCorp|Common Stock|2020-08-06|A|13.5|889.0||12001.5|Armanino Andrew J.|Director|https://www.sec.gov/Archives/edgar/data/1752036/000089924320021914/0000899243-20-021914.txt|https://www.sec.gov/Archives/edgar/data/1752036/000089924320021914/xslF345X03/doc4.xml
PRAA|PRA GROUP INC|Common Stock|2020-08-07|D|44.99|702.0||31582.980000000003|FREDRICKSON STEVEN D|Director|https://www.sec.gov/Archives/edgar/data/1185348/000118535220000014/0001185352-20-000014.txt|https://www.sec.gov/Archives/edgar/data/1185348/000118535220000014/xslF345X03/wf-form4_159709753784722.xml
CALB|California BanCorp|Common Stock|2020-08-06|A|13.5|889.0||12001.5|Cortese Stephen A.|Director|https://www.sec.gov/Archives/edgar/data/1752036/000089924320021912/0000899243-20-021912.txt|https://www.sec.gov/Archives/edgar/data/1752036/000089924320021912/xslF345X03/doc4.xml
GSIT|GSI TECHNOLOGY INC|Common Stock|2020-08-10|A|6.09|4000.0||24360.0|Schirle Douglas|Officer|https://www.sec.gov/Archives/edgar/data/1126741/000139441220000004/0001394412-20-000004.txt|https://www.sec.gov/Archives/edgar/data/1126741/000139441220000004/xslF345X03/edgar.xml
ORN|Orion Group Holdings Inc|Common Stock|2020-08-07|A|2.9|10000.0||29000.0|Sullivan Mary E|Director|https://www.sec.gov/Archives/edgar/data/1402829/000156761920014649/0001567619-20-014649.txt|https://www.sec.gov/Archives/edgar/data/1370423/000156761920014649/xslF345X03/doc1.xml
IWSY|IMAGEWARE SYSTEMS INC|Convertible Note|2020-06-29|A|450000.0||2020-10-13||GOLDMAN NEAL I|Director|https://www.sec.gov/Archives/edgar/data/941685/000141588920002085/0001415889-20-002085.txt|https://www.sec.gov/Archives/edgar/data/941685/000141588920002085/xslF345X03/form4-08102020_030853.xml
IWSY|IMAGEWARE SYSTEMS INC|Series A Convertible Preferred Stock|2020-07-09|D||4717.0|||GOLDMAN NEAL I|Director|https://www.sec.gov/Archives/edgar/data/941685/000141588920002085/0001415889-20-002085.txt|https://www.sec.gov/Archives/edgar/data/941685/000141588920002085/xslF345X03/form4-08102020_030853.xml
IWSY|IMAGEWARE SYSTEMS INC|Series A-1 Convertible Preferred Stock|2020-07-09|A||4717.0|||GOLDMAN NEAL I|Director|https://www.sec.gov/Archives/edgar/data/941685/000141588920002085/0001415889-20-002085.txt|https://www.sec.gov/Archives/edgar/data/941685/000141588920002085/xslF345X03/form4-08102020_030853.xml
XAIR|Beyond Air, Inc.|Common Stock|2020-08-07|D|5.347|10222.0||54657.03400000001|BENTSUR RON|Director|https://www.sec.gov/Archives/edgar/data/1641631/000149315220015135/0001493152-20-015135.txt|https://www.sec.gov/Archives/edgar/data/1251213/000149315220015135/xslF345X03/ownership.xml
SAFE|Safehold Inc.|Common Stock, par value $0.01 per share|2020-08-06|D|51.0181|34000.0||1734615.4|ADLER DEAN S|Director|https://www.sec.gov/Archives/edgar/data/1688852/000089924320021905/0000899243-20-021905.txt|https://www.sec.gov/Archives/edgar/data/1191821/000089924320021905/xslF345X03/doc4.xml
SAFE|Safehold Inc.|Common Stock, par value $0.01 per share|2020-08-07|D|51.1288|43500.0||2224102.8|ADLER DEAN S|Director|https://www.sec.gov/Archives/edgar/data/1688852/000089924320021905/0000899243-20-021905.txt|https://www.sec.gov/Archives/edgar/data/1191821/000089924320021905/xslF345X03/doc4.xml
SAFE|Safehold Inc.|Common Stock, par value $0.01 per share|2020-08-10|D|51.8114|90104.0||4668414.3856|ADLER DEAN S|Director|https://www.sec.gov/Archives/edgar/data/1688852/000089924320021905/0000899243-20-021905.txt|https://www.sec.gov/Archives/edgar/data/1191821/000089924320021905/xslF345X03/doc4.xml
FIS|Fidelity National Information Services, Inc.|Common Stock|2020-08-06|A|0.0|43986.0||0.0|Woodall James W.|Officer|https://www.sec.gov/Archives/edgar/data/1136893/000113689320000220/0001136893-20-000220.txt|https://www.sec.gov/Archives/edgar/data/1136893/000113689320000220/xslF345X03/wf-form4_159709710129036.xml
FIS|Fidelity National Information Services, Inc.|Common Stock|2020-08-06|D|147.0|17309.0||2544423.0|Woodall James W.|Officer|https://www.sec.gov/Archives/edgar/data/1136893/000113689320000220/0001136893-20-000220.txt|https://www.sec.gov/Archives/edgar/data/1136893/000113689320000220/xslF345X03/wf-form4_159709710129036.xml
UPWK|Upwork Inc.|Common Stock|2020-08-06|D|14.0565|3355.0||47159.5575|Gilpin Eric|Officer|https://www.sec.gov/Archives/edgar/data/1627475/000120919120045998/0001209191-20-045998.txt|https://www.sec.gov/Archives/edgar/data/1627475/000120919120045998/xslF345X03/doc4.xml
UPWK|Upwork Inc.|Common Stock|2020-08-06|D|14.98|100.0||1498.0|Gilpin Eric|Officer|https://www.sec.gov/Archives/edgar/data/1627475/000120919120045998/0001209191-20-045998.txt|https://www.sec.gov/Archives/edgar/data/1627475/000120919120045998/xslF345X03/doc4.xml
FIS|Fidelity National Information Services, Inc.|Common Stock|2020-08-06|A|0.0|18330.0||0.0|Williams Lenore D|Officer|https://www.sec.gov/Archives/edgar/data/1136893/000113689320000219/0001136893-20-000219.txt|https://www.sec.gov/Archives/edgar/data/1136893/000113689320000219/xslF345X03/wf-form4_159709708466327.xml
FIS|Fidelity National Information Services, Inc.|Common Stock|2020-08-06|D|147.0|7213.0||1060311.0|Williams Lenore D|Officer|https://www.sec.gov/Archives/edgar/data/1136893/000113689320000219/0001136893-20-000219.txt|https://www.sec.gov/Archives/edgar/data/1136893/000113689320000219/xslF345X03/wf-form4_159709708466327.xml
FIS|Fidelity National Information Services, Inc.|Common Stock|2020-08-06|A|0.0|4398.0||0.0|Thompson Christopher A|Officer|https://www.sec.gov/Archives/edgar/data/1136893/000113689320000218/0001136893-20-000218.txt|https://www.sec.gov/Archives/edgar/data/1136893/000113689320000218/xslF345X03/wf-form4_159709706832382.xml
FIS|Fidelity National Information Services, Inc.|Common Stock|2020-08-06|D|147.0|1731.0||254457.0|Thompson Christopher A|Officer|https://www.sec.gov/Archives/edgar/data/1136893/000113689320000218/0001136893-20-000218.txt|https://www.sec.gov/Archives/edgar/data/1136893/000113689320000218/xslF345X03/wf-form4_159709706832382.xml
FIS|Fidelity National Information Services, Inc.|Common Stock|2020-08-06|A|0.0|24978.0||0.0|Ramji Asif|Officer|https://www.sec.gov/Archives/edgar/data/1136893/000113689320000217/0001136893-20-000217.txt|https://www.sec.gov/Archives/edgar/data/1136893/000113689320000217/xslF345X03/wf-form4_159709705033361.xml
FIS|Fidelity National Information Services, Inc.|Common Stock|2020-08-06|D|147.0|10991.0||1615677.0|Ramji Asif|Officer|https://www.sec.gov/Archives/edgar/data/1136893/000113689320000217/0001136893-20-000217.txt|https://www.sec.gov/Archives/edgar/data/1136893/000113689320000217/xslF345X03/wf-form4_159709705033361.xml
FIS|Fidelity National Information Services, Inc.|Common Stock|2020-08-06|A|0.0|65982.0||0.0|Norcross Gary|Director|https://www.sec.gov/Archives/edgar/data/1136893/000113689320000216/0001136893-20-000216.txt|https://www.sec.gov/Archives/edgar/data/1136893/000113689320000216/xslF345X03/wf-form4_159709703160115.xml
FIS|Fidelity National Information Services, Inc.|Common Stock|2020-08-06|D|147.0|32563.0||4786761.0|Norcross Gary|Director|https://www.sec.gov/Archives/edgar/data/1136893/000113689320000216/0001136893-20-000216.txt|https://www.sec.gov/Archives/edgar/data/1136893/000113689320000216/xslF345X03/wf-form4_159709703160115.xml
XAIR|Beyond Air, Inc.|Common Stock|2020-08-07|D|5.3491|20493.0||109619.1063|Avniel Amir|Director|https://www.sec.gov/Archives/edgar/data/1641631/000149315220015133/0001493152-20-015133.txt|https://www.sec.gov/Archives/edgar/data/1426873/000149315220015133/xslF345X03/ownership.xml
FIS|Fidelity National Information Services, Inc.|Common Stock|2020-08-06|A|0.0|18330.0||0.0|Montana Gregory G|Officer|https://www.sec.gov/Archives/edgar/data/1136893/000113689320000215/0001136893-20-000215.txt|https://www.sec.gov/Archives/edgar/data/1136893/000113689320000215/xslF345X03/wf-form4_159709701681973.xml
FIS|Fidelity National Information Services, Inc.|Common Stock|2020-08-06|D|147.0|7213.0||1060311.0|Montana Gregory G|Officer|https://www.sec.gov/Archives/edgar/data/1136893/000113689320000215/0001136893-20-000215.txt|https://www.sec.gov/Archives/edgar/data/1136893/000113689320000215/xslF345X03/wf-form4_159709701681973.xml
FIS|Fidelity National Information Services, Inc.|Common Stock|2020-08-06|A|0.0|21996.0||0.0|Mayo Marc M|Officer|https://www.sec.gov/Archives/edgar/data/1136893/000113689320000214/0001136893-20-000214.txt|https://www.sec.gov/Archives/edgar/data/1136893/000113689320000214/xslF345X03/wf-form4_159709700211273.xml
FIS|Fidelity National Information Services, Inc.|Common Stock|2020-08-06|D|147.0|8656.0||1272432.0|Mayo Marc M|Officer|https://www.sec.gov/Archives/edgar/data/1136893/000113689320000214/0001136893-20-000214.txt|https://www.sec.gov/Archives/edgar/data/1136893/000113689320000214/xslF345X03/wf-form4_159709700211273.xml
FIS|Fidelity National Information Services, Inc.|Common Stock|2020-08-06|A|0.0|43986.0||0.0|LOWTHERS BRUCE F JR|Officer|https://www.sec.gov/Archives/edgar/data/1136893/000113689320000213/0001136893-20-000213.txt|https://www.sec.gov/Archives/edgar/data/1067886/000113689320000213/xslF345X03/wf-form4_159709698557653.xml
FIS|Fidelity National Information Services, Inc.|Common Stock|2020-08-06|D|147.0|17309.0||2544423.0|LOWTHERS BRUCE F JR|Officer|https://www.sec.gov/Archives/edgar/data/1136893/000113689320000213/0001136893-20-000213.txt|https://www.sec.gov/Archives/edgar/data/1067886/000113689320000213/xslF345X03/wf-form4_159709698557653.xml
FIS|Fidelity National Information Services, Inc.|Common Stock|2020-08-06|A|0.0|43986.0||0.0|Ferris Stephanie|Officer|https://www.sec.gov/Archives/edgar/data/1136893/000113689320000212/0001136893-20-000212.txt|https://www.sec.gov/Archives/edgar/data/1136893/000113689320000212/xslF345X03/wf-form4_159709696834645.xml
FIS|Fidelity National Information Services, Inc.|Common Stock|2020-08-06|D|147.0|18849.0||2770803.0|Ferris Stephanie|Officer|https://www.sec.gov/Archives/edgar/data/1136893/000113689320000212/0001136893-20-000212.txt|https://www.sec.gov/Archives/edgar/data/1136893/000113689320000212/xslF345X03/wf-form4_159709696834645.xml
AWK|American Water Works Company, Inc.|Employee Stock Option (right to buy)|2020-08-10|D|0.0|4659.0|2020-12-31|0.0|Duffy Maureen|Officer|https://www.sec.gov/Archives/edgar/data/1410636/000141063620000124/0001410636-20-000124.txt|https://www.sec.gov/Archives/edgar/data/1410636/000141063620000124/xslF345X03/wf-form4_159709695347938.xml
AWK|American Water Works Company, Inc.|Common Stock|2020-08-10|A|44.06|4659.0||205275.54|Duffy Maureen|Officer|https://www.sec.gov/Archives/edgar/data/1410636/000141063620000124/0001410636-20-000124.txt|https://www.sec.gov/Archives/edgar/data/1410636/000141063620000124/xslF345X03/wf-form4_159709695347938.xml
AWK|American Water Works Company, Inc.|Common Stock|2020-08-10|D|149.8|4659.0||697918.2000000001|Duffy Maureen|Officer|https://www.sec.gov/Archives/edgar/data/1410636/000141063620000124/0001410636-20-000124.txt|https://www.sec.gov/Archives/edgar/data/1410636/000141063620000124/xslF345X03/wf-form4_159709695347938.xml
FIS|Fidelity National Information Services, Inc.|Restricted Stock Units|2020-08-06|D|0.0|484.0||0.0|Boyd Martin|Officer|https://www.sec.gov/Archives/edgar/data/1136893/000113689320000211/0001136893-20-000211.txt|https://www.sec.gov/Archives/edgar/data/1136893/000113689320000211/xslF345X03/wf-form4_159709694417842.xml
FIS|Fidelity National Information Services, Inc.|Stock Option (Right to Buy)|2020-08-07|D|80.03|15711.0|2024-03-29|1257351.33|Boyd Martin|Officer|https://www.sec.gov/Archives/edgar/data/1136893/000113689320000211/0001136893-20-000211.txt|https://www.sec.gov/Archives/edgar/data/1136893/000113689320000211/xslF345X03/wf-form4_159709694417842.xml
FIS|Fidelity National Information Services, Inc.|Common Stock|2020-08-06|A|0.0|484.0||0.0|Boyd Martin|Officer|https://www.sec.gov/Archives/edgar/data/1136893/000113689320000211/0001136893-20-000211.txt|https://www.sec.gov/Archives/edgar/data/1136893/000113689320000211/xslF345X03/wf-form4_159709694417842.xml
FIS|Fidelity National Information Services, Inc.|Common Stock|2020-08-06|D|146.31|228.0||33358.68|Boyd Martin|Officer|https://www.sec.gov/Archives/edgar/data/1136893/000113689320000211/0001136893-20-000211.txt|https://www.sec.gov/Archives/edgar/data/1136893/000113689320000211/xslF345X03/wf-form4_159709694417842.xml
FIS|Fidelity National Information Services, Inc.|Common Stock|2020-08-06|A|0.0|1903.0||0.0|Boyd Martin|Officer|https://www.sec.gov/Archives/edgar/data/1136893/000113689320000211/0001136893-20-000211.txt|https://www.sec.gov/Archives/edgar/data/1136893/000113689320000211/xslF345X03/wf-form4_159709694417842.xml
FIS|Fidelity National Information Services, Inc.|Common Stock|2020-08-06|D|146.31|895.0||130947.45|Boyd Martin|Officer|https://www.sec.gov/Archives/edgar/data/1136893/000113689320000211/0001136893-20-000211.txt|https://www.sec.gov/Archives/edgar/data/1136893/000113689320000211/xslF345X03/wf-form4_159709694417842.xml
FIS|Fidelity National Information Services, Inc.|Common Stock|2020-08-06|A|0.0|7332.0||0.0|Boyd Martin|Officer|https://www.sec.gov/Archives/edgar/data/1136893/000113689320000211/0001136893-20-000211.txt|https://www.sec.gov/Archives/edgar/data/1136893/000113689320000211/xslF345X03/wf-form4_159709694417842.xml
FIS|Fidelity National Information Services, Inc.|Common Stock|2020-08-06|D|147.0|3447.0||506709.0|Boyd Martin|Officer|https://www.sec.gov/Archives/edgar/data/1136893/000113689320000211/0001136893-20-000211.txt|https://www.sec.gov/Archives/edgar/data/1136893/000113689320000211/xslF345X03/wf-form4_159709694417842.xml
FIS|Fidelity National Information Services, Inc.|Common Stock|2020-08-07|D|146.23|5895.0||862025.85|Boyd Martin|Officer|https://www.sec.gov/Archives/edgar/data/1136893/000113689320000211/0001136893-20-000211.txt|https://www.sec.gov/Archives/edgar/data/1136893/000113689320000211/xslF345X03/wf-form4_159709694417842.xml
FIS|Fidelity National Information Services, Inc.|Common Stock|2020-08-07|A|80.03|15711.0||1257351.33|Boyd Martin|Officer|https://www.sec.gov/Archives/edgar/data/1136893/000113689320000211/0001136893-20-000211.txt|https://www.sec.gov/Archives/edgar/data/1136893/000113689320000211/xslF345X03/wf-form4_159709694417842.xml
FIS|Fidelity National Information Services, Inc.|Common Stock|2020-08-07|D|146.23|15711.0||2297419.53|Boyd Martin|Officer|https://www.sec.gov/Archives/edgar/data/1136893/000113689320000211/0001136893-20-000211.txt|https://www.sec.gov/Archives/edgar/data/1136893/000113689320000211/xslF345X03/wf-form4_159709694417842.xml
CMPI|Checkmate Pharmaceuticals, Inc.|Stock Option (Right to Buy)|2020-08-06|A|0.0|53496.0|2030-08-05|0.0|Brennan Karen|Officer|https://www.sec.gov/Archives/edgar/data/1651431/000089924320021903/0000899243-20-021903.txt|https://www.sec.gov/Archives/edgar/data/1651431/000089924320021903/xslF345X03/doc4.xml
ICHR|ICHOR HOLDINGS, LTD.|Option (right to buy)|2020-08-06|D|0.0|100000.0|2020-10-25|0.0|ROHRS THOMAS M|Director|https://www.sec.gov/Archives/edgar/data/1652535/000120919120045997/0001209191-20-045997.txt|https://www.sec.gov/Archives/edgar/data/1254354/000120919120045997/xslF345X03/doc4.xml
ICHR|ICHOR HOLDINGS, LTD.|Option (right to buy)|2020-08-07|D|0.0|33473.0|2020-10-25|0.0|ROHRS THOMAS M|Director|https://www.sec.gov/Archives/edgar/data/1652535/000120919120045997/0001209191-20-045997.txt|https://www.sec.gov/Archives/edgar/data/1254354/000120919120045997/xslF345X03/doc4.xml
ICHR|ICHOR HOLDINGS, LTD.|Option (right to buy)|2020-08-07|D|0.0|26527.0|2020-10-25|0.0|ROHRS THOMAS M|Director|https://www.sec.gov/Archives/edgar/data/1652535/000120919120045997/0001209191-20-045997.txt|https://www.sec.gov/Archives/edgar/data/1254354/000120919120045997/xslF345X03/doc4.xml
ICHR|ICHOR HOLDINGS, LTD.|Option (right to buy)|2020-08-10|D|0.0|24995.0|2020-10-25|0.0|ROHRS THOMAS M|Director|https://www.sec.gov/Archives/edgar/data/1652535/000120919120045997/0001209191-20-045997.txt|https://www.sec.gov/Archives/edgar/data/1254354/000120919120045997/xslF345X03/doc4.xml
ICHR|ICHOR HOLDINGS, LTD.|Ordinary Shares, par value $0.0001|2020-08-06|A|8.05|100000.0||805000.0000000001|ROHRS THOMAS M|Director|https://www.sec.gov/Archives/edgar/data/1652535/000120919120045997/0001209191-20-045997.txt|https://www.sec.gov/Archives/edgar/data/1254354/000120919120045997/xslF345X03/doc4.xml
ICHR|ICHOR HOLDINGS, LTD.|Ordinary Shares, par value $0.0001|2020-08-06|D|32.1|100000.0||3210000.0|ROHRS THOMAS M|Director|https://www.sec.gov/Archives/edgar/data/1652535/000120919120045997/0001209191-20-045997.txt|https://www.sec.gov/Archives/edgar/data/1254354/000120919120045997/xslF345X03/doc4.xml
ICHR|ICHOR HOLDINGS, LTD.|Ordinary Shares, par value $0.0001|2020-08-07|A|8.05|33473.0||269457.65|ROHRS THOMAS M|Director|https://www.sec.gov/Archives/edgar/data/1652535/000120919120045997/0001209191-20-045997.txt|https://www.sec.gov/Archives/edgar/data/1254354/000120919120045997/xslF345X03/doc4.xml
ICHR|ICHOR HOLDINGS, LTD.|Ordinary Shares, par value $0.0001|2020-08-07|A|14.9|26527.0||395252.3|ROHRS THOMAS M|Director|https://www.sec.gov/Archives/edgar/data/1652535/000120919120045997/0001209191-20-045997.txt|https://www.sec.gov/Archives/edgar/data/1254354/000120919120045997/xslF345X03/doc4.xml
ICHR|ICHOR HOLDINGS, LTD.|Ordinary Shares, par value $0.0001|2020-08-07|D|30.53|60000.0||1831800.0|ROHRS THOMAS M|Director|https://www.sec.gov/Archives/edgar/data/1652535/000120919120045997/0001209191-20-045997.txt|https://www.sec.gov/Archives/edgar/data/1254354/000120919120045997/xslF345X03/doc4.xml
ICHR|ICHOR HOLDINGS, LTD.|Ordinary Shares, par value $0.0001|2020-08-10|A|14.9|24995.0||372425.5|ROHRS THOMAS M|Director|https://www.sec.gov/Archives/edgar/data/1652535/000120919120045997/0001209191-20-045997.txt|https://www.sec.gov/Archives/edgar/data/1254354/000120919120045997/xslF345X03/doc4.xml
ICHR|ICHOR HOLDINGS, LTD.|Ordinary Shares, par value $0.0001|2020-08-10|D|29.72|24995.0||742851.4|ROHRS THOMAS M|Director|https://www.sec.gov/Archives/edgar/data/1652535/000120919120045997/0001209191-20-045997.txt|https://www.sec.gov/Archives/edgar/data/1254354/000120919120045997/xslF345X03/doc4.xml
CMPI|Checkmate Pharmaceuticals, Inc.|Stock Option (Right to Buy|2020-08-06|A|0.0|141226.0|2030-08-05|0.0|Chaudhary Kleem|Officer|https://www.sec.gov/Archives/edgar/data/1651431/000089924320021902/0000899243-20-021902.txt|https://www.sec.gov/Archives/edgar/data/1651431/000089924320021902/xslF345X03/doc4.xml
CMPI|Checkmate Pharmaceuticals, Inc.|Stock Option (Right to Buy)|2020-08-06|A|0.0|445819.0|2030-08-05|0.0|Labinger Barry|Director|https://www.sec.gov/Archives/edgar/data/1651431/000089924320021901/0000899243-20-021901.txt|https://www.sec.gov/Archives/edgar/data/1332456/000089924320021901/xslF345X03/doc4.xml
CMPI|Checkmate Pharmaceuticals, Inc.|Stock Option (Right to Buy)|2020-08-06|A|0.0|150818.0|2030-08-05|0.0|Wooldridge James|Officer|https://www.sec.gov/Archives/edgar/data/1651431/000089924320021900/0000899243-20-021900.txt|https://www.sec.gov/Archives/edgar/data/1651431/000089924320021900/xslF345X03/doc4.xml
IRM|IRON MOUNTAIN INC|Common Stock, par value $.01 per share|2020-08-06|D|29.5|7405.0||218447.5|Borges Daniel|Officer|https://www.sec.gov/Archives/edgar/data/1020569/000102056920000193/0001020569-20-000193.txt|https://www.sec.gov/Archives/edgar/data/1020569/000102056920000193/xslF345X03/wf-form4_159709678443152.xml
